検索実行日,モール名,カテゴリ,対象商品名,ページURL,口コミ投稿日,星の数,注文日,口コミのタイトル,口コミ全文
2026/04/01,楽天,シャワー,ReFa FINE BUBBLE U+,https://review.rakuten.co.jp/item/1/262320_10002177?sort=6&page=1#itemReviewList,2026/03/12,3,2026/03/08,丁寧に包装されていました、新居で使用予定楽しみです。,OliveGREEさん 女性 50代
2026/04/02,楽天,シャワー,ReFa FINE BUBBLE U+,https://review.rakuten.co.jp/item/1/262320_10002177?sort=6&page=1#itemReviewList,2026/03/12,3,2026/03/08,丁寧に包装されていました、新居で使用予定楽しみです。,"OliveGREEさん 女性 50代 前へ 1 2 3 4 5 6 7 8 9 10 ... 42 次へ お客様のご意見をお聞かせください このページは役に立ちましたか? 役に立たなかった 役に立った 楽天市場の関連ジャンル 日用品雑貨・文房具・手芸 バス用品 シャワーヘッド レビューに関するご注意 myレビュー 投稿ガイドライン 利用規約 ヘルプガイド レビューをご利用になる際 レビューは楽天市場を利用される多数のお客様が閲覧しています。他人の権利、利益、名誉等を損ねたり、法令に違反する内容の投稿を禁止しております。ご利用の際は「 利用規約 」や「 投稿ガイドライン 」をよく読み、読む方の立場に立った配慮ある投稿を心がけるようお願いいたします。詳細をお伺いするため、楽天からご連絡を差し上げることがございます。また、楽天グループが不適切と判断した場合には予告なく投稿を削除する場合がございます。 各ショップおよび楽天グループは、送信されたコンテンツについて、楽天サイト上で公開するなど種々の利用をおこないます。詳細は「 楽天ショッピングサービスご利用規約 」をご参照ください。 レビューサービスを利用すると「 楽天アフィリエイト 」の利用者(パートナー)として登録されます。ご利用に際して「 楽天アフィリエイトパートナー規約 」に同意していただく必要があります。本サービスをご利用になる方には、楽天アフィリエイトからお知らせ(メール)が配信されます。 レビューをご覧になる際 商品ページは定期的に更新されるため、実際のページ情報(価格、在庫表示等)と投稿内容が異なる場合があります。レビューを参考にご注文する際は、必ず商品ページや注文確認ページにてご確認ください。 レビューに対する評価結果の反映には24時間程度要する場合がございます。予めご了承ください。 総合評価は、商品を購入したお客様の“過去全て”のレビューを元に作成されています。 各ショップおよび楽天グループは、楽天市場をご利用のお客様にて書かれたレビューの内容の当否について保証できかねます。お客様の最終判断でご利用ください。 情報セキュリティの取り組み SSLに対応している楽天市場では、クレジットカード番号は暗号化して送信されます。 安心してお買い物いただくために 楽天独自のガイドラインを設け、違反がないかを日々パトロールしています。 楽天のサステナビリティ 楽天は、すべての人々にとって持続的な未来を目指します。 会員情報 買い物かご 閲覧履歴 購入履歴 お気に入り myクーポン ランキング スーパーDEAL 楽天市場トップ ジャンル一覧 特集一覧 楽天市場アプリ 楽天のサービス一覧 出店のご案内 ご利用ガイド ヘルプ・問い合わせ 企業情報 個人情報保護方針 投資家情報 サステナビリティ プレスリリース 採用情報 © Rakuten Group, Inc."
2026/04/01,楽天,シャワー,ReFa FINE BUBBLE U+,https://review.rakuten.co.jp/item/1/262320_10002177?sort=6&page=1#itemReviewList,2026/03/12,4,2026/03/10,取り替え,Pちゃん0720さん 女性 50代 すぐに届きました。すんなり取り替えできて よかったです。少しヘッドがおおきいので星4にしました。 家族へ|実用品・普段使い|リピート
2026/04/03,楽天,シャワー,ReFa FINE BUBBLE U+,https://review.rakuten.co.jp/item/1/262320_10002177?sort=6&page=1#itemReviewList,2026/03/12,4,2026/03/10,取り替え,"Pちゃん0720さん 女性 50代 すぐに届きました。すんなり取り替えできて よかったです。少しヘッドがおおきいので星4にしました。 家族へ|実用品・普段使い|リピート 前へ 1 2 3 4 5 6 7 8 9 10 ... 43 次へ お客様のご意見をお聞かせください このページは役に立ちましたか? 役に立たなかった 役に立った 楽天市場の関連ジャンル 日用品雑貨・文房具・手芸 バス用品 シャワーヘッド レビューに関するご注意 myレビュー 投稿ガイドライン 利用規約 ヘルプガイド レビューをご利用になる際 レビューは楽天市場を利用される多数のお客様が閲覧しています。他人の権利、利益、名誉等を損ねたり、法令に違反する内容の投稿を禁止しております。ご利用の際は「 利用規約 」や「 投稿ガイドライン 」をよく読み、読む方の立場に立った配慮ある投稿を心がけるようお願いいたします。詳細をお伺いするため、楽天からご連絡を差し上げることがございます。また、楽天グループが不適切と判断した場合には予告なく投稿を削除する場合がございます。 各ショップおよび楽天グループは、送信されたコンテンツについて、楽天サイト上で公開するなど種々の利用をおこないます。詳細は「 楽天ショッピングサービスご利用規約 」をご参照ください。 レビューサービスを利用すると「 楽天アフィリエイト 」の利用者(パートナー)として登録されます。ご利用に際して「 楽天アフィリエイトパートナー規約 」に同意していただく必要があります。本サービスをご利用になる方には、楽天アフィリエイトからお知らせ(メール)が配信されます。 レビューをご覧になる際 商品ページは定期的に更新されるため、実際のページ情報(価格、在庫表示等)と投稿内容が異なる場合があります。レビューを参考にご注文する際は、必ず商品ページや注文確認ページにてご確認ください。 レビューに対する評価結果の反映には24時間程度要する場合がございます。予めご了承ください。 総合評価は、商品を購入したお客様の“過去全て”のレビューを元に作成されています。 各ショップおよび楽天グループは、楽天市場をご利用のお客様にて書かれたレビューの内容の当否について保証できかねます。お客様の最終判断でご利用ください。 情報セキュリティの取り組み SSLに対応している楽天市場では、クレジットカード番号は暗号化して送信されます。 安心してお買い物いただくために 楽天独自のガイドラインを設け、違反がないかを日々パトロールしています。 楽天のサステナビリティ 楽天は、すべての人々にとって持続的な未来を目指します。 会員情報 買い物かご 閲覧履歴 購入履歴 お気に入り myクーポン ランキング スーパーDEAL 楽天市場トップ ジャンル一覧 特集一覧 楽天市場アプリ 楽天のサービス一覧 出店のご案内 ご利用ガイド ヘルプ・問い合わせ 企業情報 個人情報保護方針 投資家情報 サステナビリティ プレスリリース 採用情報 © Rakuten Group, Inc."
2026/04/01,楽天,シャワー,ReFa FINE BUBBLE U+,https://review.rakuten.co.jp/item/1/262320_10002177?sort=6&page=1#itemReviewList,2026/03/12,3,2026/03/02,肌に触れる感じは通常のシャワーヘッドより柔らかくなった感じがします。,"aichiz750sさん 男性 40代 またシャンプーや洗顔の泡立ちもよくなったと思います。 水圧がだいぶ落ちるので全体から出すとシャワーフックへ引っ掛けた状態で身体に届かないのでピュアストレートでの使用とミストくらいしか使っていません。 切替機能の無いヘッドでも良かったかも 自分用|実用品・普段使い|はじめて 前へ 1 2 3 4 5 6 7 8 9 10 ... 42 次へ お客様のご意見をお聞かせください このページは役に立ちましたか? 役に立たなかった 役に立った 楽天市場の関連ジャンル 日用品雑貨・文房具・手芸 バス用品 シャワーヘッド レビューに関するご注意 myレビュー 投稿ガイドライン 利用規約 ヘルプガイド レビューをご利用になる際 レビューは楽天市場を利用される多数のお客様が閲覧しています。他人の権利、利益、名誉等を損ねたり、法令に違反する内容の投稿を禁止しております。ご利用の際は「 利用規約 」や「 投稿ガイドライン 」をよく読み、読む方の立場に立った配慮ある投稿を心がけるようお願いいたします。詳細をお伺いするため、楽天からご連絡を差し上げることがございます。また、楽天グループが不適切と判断した場合には予告なく投稿を削除する場合がございます。 各ショップおよび楽天グループは、送信されたコンテンツについて、楽天サイト上で公開するなど種々の利用をおこないます。詳細は「 楽天ショッピングサービスご利用規約 」をご参照ください。 レビューサービスを利用すると「 楽天アフィリエイト 」の利用者(パートナー)として登録されます。ご利用に際して「 楽天アフィリエイトパートナー規約 」に同意していただく必要があります。本サービスをご利用になる方には、楽天アフィリエイトからお知らせ(メール)が配信されます。 レビューをご覧になる際 商品ページは定期的に更新されるため、実際のページ情報(価格、在庫表示等)と投稿内容が異なる場合があります。レビューを参考にご注文する際は、必ず商品ページや注文確認ページにてご確認ください。 レビューに対する評価結果の反映には24時間程度要する場合がございます。予めご了承ください。 総合評価は、商品を購入したお客様の“過去全て”のレビューを元に作成されています。 各ショップおよび楽天グループは、楽天市場をご利用のお客様にて書かれたレビューの内容の当否について保証できかねます。お客様の最終判断でご利用ください。 情報セキュリティの取り組み SSLに対応している楽天市場では、クレジットカード番号は暗号化して送信されます。 安心してお買い物いただくために 楽天独自のガイドラインを設け、違反がないかを日々パトロールしています。 楽天のサステナビリティ 楽天は、すべての人々にとって持続的な未来を目指します。 会員情報 買い物かご 閲覧履歴 購入履歴 お気に入り myクーポン ランキング スーパーDEAL 楽天市場トップ ジャンル一覧 特集一覧 楽天市場アプリ 楽天のサービス一覧 出店のご案内 ご利用ガイド ヘルプ・問い合わせ 企業情報 個人情報保護方針 投資家情報 サステナビリティ プレスリリース 採用情報 © Rakuten Group, Inc."
2026/04/01,楽天,シャワー,ReFa FINE BUBBLE U+,https://review.rakuten.co.jp/item/1/262320_10002177?sort=6&page=1#itemReviewList,2026/03/13,5,2026/03/04,,購入者さん ミストは確かに通常より温度を上げないと、冷たいかも。でも洗えてる感じがしてよかった。トリートメントの後は普通の設定にしてます。そうじゃないとトリートメントが全部とれてしまいます。
2026/04/04,楽天,シャワー,ReFa FINE BUBBLE U+,https://review.rakuten.co.jp/item/1/262320_10002177?sort=6&page=1#itemReviewList,2026/03/13,5,2026/03/04,前へ,"購入者さん ミストは確かに通常より温度を上げないと、冷たいかも。でも洗えてる感じがしてよかった。トリートメントの後は普通の設定にしてます。そうじゃないとトリートメントが全部とれてしまいます。 1 2 3 4 5 6 7 8 9 10 ... 43 次へ お客様のご意見をお聞かせください このページは役に立ちましたか? 役に立たなかった 役に立った 楽天市場の関連ジャンル 日用品雑貨・文房具・手芸 バス用品 シャワーヘッド レビューに関するご注意 myレビュー 投稿ガイドライン 利用規約 ヘルプガイド レビューをご利用になる際 レビューは楽天市場を利用される多数のお客様が閲覧しています。他人の権利、利益、名誉等を損ねたり、法令に違反する内容の投稿を禁止しております。ご利用の際は「 利用規約 」や「 投稿ガイドライン 」をよく読み、読む方の立場に立った配慮ある投稿を心がけるようお願いいたします。詳細をお伺いするため、楽天からご連絡を差し上げることがございます。また、楽天グループが不適切と判断した場合には予告なく投稿を削除する場合がございます。 各ショップおよび楽天グループは、送信されたコンテンツについて、楽天サイト上で公開するなど種々の利用をおこないます。詳細は「 楽天ショッピングサービスご利用規約 」をご参照ください。 レビューサービスを利用すると「 楽天アフィリエイト 」の利用者(パートナー)として登録されます。ご利用に際して「 楽天アフィリエイトパートナー規約 」に同意していただく必要があります。本サービスをご利用になる方には、楽天アフィリエイトからお知らせ(メール)が配信されます。 レビューをご覧になる際 商品ページは定期的に更新されるため、実際のページ情報(価格、在庫表示等)と投稿内容が異なる場合があります。レビューを参考にご注文する際は、必ず商品ページや注文確認ページにてご確認ください。 レビューに対する評価結果の反映には24時間程度要する場合がございます。予めご了承ください。 総合評価は、商品を購入したお客様の“過去全て”のレビューを元に作成されています。 各ショップおよび楽天グループは、楽天市場をご利用のお客様にて書かれたレビューの内容の当否について保証できかねます。お客様の最終判断でご利用ください。 情報セキュリティの取り組み SSLに対応している楽天市場では、クレジットカード番号は暗号化して送信されます。 安心してお買い物いただくために 楽天独自のガイドラインを設け、違反がないかを日々パトロールしています。 楽天のサステナビリティ 楽天は、すべての人々にとって持続的な未来を目指します。 会員情報 買い物かご 閲覧履歴 購入履歴 お気に入り myクーポン ランキング スーパーDEAL 楽天市場トップ ジャンル一覧 特集一覧 楽天市場アプリ 楽天のサービス一覧 出店のご案内 ご利用ガイド ヘルプ・問い合わせ 企業情報 個人情報保護方針 投資家情報 サステナビリティ プレスリリース 採用情報 © Rakuten Group, Inc."
2026/04/01,楽天,シャワー,ReFa FINE BUBBLE U+,https://review.rakuten.co.jp/item/1/262320_10002177?sort=6&page=1#itemReviewList,2026/03/14,5,2026/03/05,いいです,購入者さん 262320-20260305-0381610910 今まで他社の似たようなシャワーヘッドを使用していたのですが、止水機能がついていなかったので今回思い切って買い替えました。 シャワーヘッドでこんなに違うものかと思う程サラサラしっとりします。特にジェット機能が気持ちいいですね。 ただ止水すると水が漏れるのでホースも取り替えようと思います。 家族へ|実用品・普段使い|はじめて
2026/04/01,楽天,シャワー,ReFa FINE BUBBLE U+,https://review.rakuten.co.jp/item/1/262320_10002177?sort=6&page=1#itemReviewList,2026/03/14,5,2026/03/01,お祝いに,chintantanさん 男性 60代 息子の新生活開始祝いにプレゼントしました。 大変喜んでいました。ワンタッチでシャワーを止められるので便利そうです。
2026/04/05,楽天,シャワー,ReFa FINE BUBBLE U+,https://review.rakuten.co.jp/item/1/262320_10002177?sort=6&page=1#itemReviewList,2026/03/14,5,2026/03/01,お祝いに,"chintantanさん 男性 60代 息子の新生活開始祝いにプレゼントしました。 大変喜んでいました。ワンタッチでシャワーを止められるので便利そうです。 前へ 1 2 3 4 5 6 7 8 9 10 ... 43 次へ お客様のご意見をお聞かせください このページは役に立ちましたか? 役に立たなかった 役に立った 楽天市場の関連ジャンル 日用品雑貨・文房具・手芸 バス用品 シャワーヘッド レビューに関するご注意 myレビュー 投稿ガイドライン 利用規約 ヘルプガイド レビューをご利用になる際 レビューは楽天市場を利用される多数のお客様が閲覧しています。他人の権利、利益、名誉等を損ねたり、法令に違反する内容の投稿を禁止しております。ご利用の際は「 利用規約 」や「 投稿ガイドライン 」をよく読み、読む方の立場に立った配慮ある投稿を心がけるようお願いいたします。詳細をお伺いするため、楽天からご連絡を差し上げることがございます。また、楽天グループが不適切と判断した場合には予告なく投稿を削除する場合がございます。 各ショップおよび楽天グループは、送信されたコンテンツについて、楽天サイト上で公開するなど種々の利用をおこないます。詳細は「 楽天ショッピングサービスご利用規約 」をご参照ください。 レビューサービスを利用すると「 楽天アフィリエイト 」の利用者(パートナー)として登録されます。ご利用に際して「 楽天アフィリエイトパートナー規約 」に同意していただく必要があります。本サービスをご利用になる方には、楽天アフィリエイトからお知らせ(メール)が配信されます。 レビューをご覧になる際 商品ページは定期的に更新されるため、実際のページ情報(価格、在庫表示等)と投稿内容が異なる場合があります。レビューを参考にご注文する際は、必ず商品ページや注文確認ページにてご確認ください。 レビューに対する評価結果の反映には24時間程度要する場合がございます。予めご了承ください。 総合評価は、商品を購入したお客様の“過去全て”のレビューを元に作成されています。 各ショップおよび楽天グループは、楽天市場をご利用のお客様にて書かれたレビューの内容の当否について保証できかねます。お客様の最終判断でご利用ください。 情報セキュリティの取り組み SSLに対応している楽天市場では、クレジットカード番号は暗号化して送信されます。 安心してお買い物いただくために 楽天独自のガイドラインを設け、違反がないかを日々パトロールしています。 楽天のサステナビリティ 楽天は、すべての人々にとって持続的な未来を目指します。 会員情報 買い物かご 閲覧履歴 購入履歴 お気に入り myクーポン ランキング スーパーDEAL 楽天市場トップ ジャンル一覧 特集一覧 楽天市場アプリ 楽天のサービス一覧 出店のご案内 ご利用ガイド ヘルプ・問い合わせ 企業情報 個人情報保護方針 投資家情報 サステナビリティ プレスリリース 採用情報 © Rakuten Group, Inc."
2026/04/01,楽天,シャワー,ReFa FINE BUBBLE U+,https://review.rakuten.co.jp/item/1/262320_10002177?sort=6&page=1#itemReviewList,2026/03/14,5,2026/03/10,喜んでもらえました!満足です。毎日が楽しみです。,購入者さん
2026/04/05,楽天,シャワー,ReFa FINE BUBBLE U+,https://review.rakuten.co.jp/item/1/262320_10002177?sort=6&page=1#itemReviewList,2026/03/14,5,2026/03/10,喜んでもらえました!満足です。毎日が楽しみです。,"購入者さん 前へ 1 2 3 4 5 6 7 8 9 10 ... 43 次へ お客様のご意見をお聞かせください このページは役に立ちましたか? 役に立たなかった 役に立った 楽天市場の関連ジャンル 日用品雑貨・文房具・手芸 バス用品 シャワーヘッド レビューに関するご注意 myレビュー 投稿ガイドライン 利用規約 ヘルプガイド レビューをご利用になる際 レビューは楽天市場を利用される多数のお客様が閲覧しています。他人の権利、利益、名誉等を損ねたり、法令に違反する内容の投稿を禁止しております。ご利用の際は「 利用規約 」や「 投稿ガイドライン 」をよく読み、読む方の立場に立った配慮ある投稿を心がけるようお願いいたします。詳細をお伺いするため、楽天からご連絡を差し上げることがございます。また、楽天グループが不適切と判断した場合には予告なく投稿を削除する場合がございます。 各ショップおよび楽天グループは、送信されたコンテンツについて、楽天サイト上で公開するなど種々の利用をおこないます。詳細は「 楽天ショッピングサービスご利用規約 」をご参照ください。 レビューサービスを利用すると「 楽天アフィリエイト 」の利用者(パートナー)として登録されます。ご利用に際して「 楽天アフィリエイトパートナー規約 」に同意していただく必要があります。本サービスをご利用になる方には、楽天アフィリエイトからお知らせ(メール)が配信されます。 レビューをご覧になる際 商品ページは定期的に更新されるため、実際のページ情報(価格、在庫表示等)と投稿内容が異なる場合があります。レビューを参考にご注文する際は、必ず商品ページや注文確認ページにてご確認ください。 レビューに対する評価結果の反映には24時間程度要する場合がございます。予めご了承ください。 総合評価は、商品を購入したお客様の“過去全て”のレビューを元に作成されています。 各ショップおよび楽天グループは、楽天市場をご利用のお客様にて書かれたレビューの内容の当否について保証できかねます。お客様の最終判断でご利用ください。 情報セキュリティの取り組み SSLに対応している楽天市場では、クレジットカード番号は暗号化して送信されます。 安心してお買い物いただくために 楽天独自のガイドラインを設け、違反がないかを日々パトロールしています。 楽天のサステナビリティ 楽天は、すべての人々にとって持続的な未来を目指します。 会員情報 買い物かご 閲覧履歴 購入履歴 お気に入り myクーポン ランキング スーパーDEAL 楽天市場トップ ジャンル一覧 特集一覧 楽天市場アプリ 楽天のサービス一覧 出店のご案内 ご利用ガイド ヘルプ・問い合わせ 企業情報 個人情報保護方針 投資家情報 サステナビリティ プレスリリース 採用情報 © Rakuten Group, Inc."
2026/04/01,楽天,シャワー,ReFa FINE BUBBLE U+,https://review.rakuten.co.jp/item/1/262320_10002177?sort=6&page=1#itemReviewList,2026/03/15,5,2026/03/05,友人のプレゼントに購入。私も使ってますが、ミストが気持ち良いです。,購入者さん
2026/04/01,楽天,シャワー,ReFa FINE BUBBLE U+,https://review.rakuten.co.jp/item/1/262320_10002177?sort=6&page=1#itemReviewList,2026/03/15,5,2026/03/10,早速届いて良かったです。ありがとうございます!,のらのら2046さん 男性 40代
2026/04/01,楽天,シャワー,ReFa FINE BUBBLE U+,https://review.rakuten.co.jp/item/1/262320_10002177?sort=6&page=1#itemReviewList,2026/03/16,5,2026/03/15,高級感漂う包装で今日品物が届きました!,イチヤス1919さん 男性 40代 開けてみると更に高級感のあるデザインと圧倒的な機能美。 これからの効能に期待大です。
2026/04/01,楽天,シャワー,ReFa FINE BUBBLE U+,https://review.rakuten.co.jp/item/1/262320_10002177?sort=6&page=1#itemReviewList,2026/03/17,4,2026/03/05,70代以上,jumbo-muramatsuさん 男性 手元止水栓は、節水に、モードの切り替えに便利です 又スキンケアに効果があるかは、まだ使用し始めて間もなくよくわかりませんが、浴室の鏡の白色の水垢が取れて何か効果を期待させてくれています
2026/04/01,楽天,シャワー,ReFa FINE BUBBLE U+,https://review.rakuten.co.jp/item/1/262320_10002177?sort=6&page=1#itemReviewList,2026/03/17,5,2026/03/10,ずっと気になっていましたが、水圧が気になって保留にしていました。,購入者さん 思い切って買ってみましたが、元の水圧が強めだったからか、思ったより水圧の弱さは気にならなかったです。 ジェットモードは頭皮にはもちろん掃除にもいいですし、何よりミストモードがとても気持ちいいです!
2026/04/01,楽天,シャワー,ReFa FINE BUBBLE U+,https://review.rakuten.co.jp/item/1/262320_10002177?sort=6&page=1#itemReviewList,2026/03/17,5,2026/03/10,旧タイプが壊れたので購入。,いいじゃない9112さん 男性 20代 水圧は若干弱くなっている気がするが、総合的な満足度は特に変わりがない。
2026/04/01,楽天,シャワー,ReFa FINE BUBBLE U+,https://review.rakuten.co.jp/item/1/262320_10002177?sort=6&page=1#itemReviewList,2026/03/17,5,2026/03/10,良い買い物しました,つねとし104さん 男性 50代 皮脂汚れの落ち具合が全く違いました。 風呂掃除もかなり楽になりました。 決して安価ではない買い物でしたが大満足です。 家族へ|実用品・普段使い|はじめて
2026/04/01,楽天,シャワー,ReFa FINE BUBBLE U+,https://review.rakuten.co.jp/item/1/262320_10002177?sort=6&page=1#itemReviewList,2026/03/18,5,2025/09/20,カラー:ホワイト | 延長保証:延長保証無 | <ラッピング>:ラッピング,商品購入しました!さん 男性 40代 使用してから半年が経ちましたが、 ミストも細かくとても気に入ってます。
2026/04/01,楽天,シャワー,ReFa FINE BUBBLE U+,https://review.rakuten.co.jp/item/1/262320_10002177?sort=6&page=1#itemReviewList,2026/03/18,4,2026/03/10,家で使っているのが止水タイプだったので止水タイプを購入しました。付け替えも簡単にでき、ミストは子供にも好評です。,購入者さん 効果はこれからなので分かりませんが、満足です
2026/04/01,楽天,シャワー,ReFa FINE BUBBLE U+,https://review.rakuten.co.jp/item/1/262320_10002177?sort=6&page=1#itemReviewList,2026/03/18,5,2026/03/10,素敵な梱包でした!,りさお9298さん 男性 30代 届いた途端に可愛い梱包でめちゃくちゃテンション上がりました!新居で使う予定です! とても楽しみになりました。
2026/04/01,楽天,シャワー,ReFa FINE BUBBLE U+,https://review.rakuten.co.jp/item/1/262320_10002177?sort=6&page=1#itemReviewList,2026/03/19,4,2026/03/09,家族へ|実用品・普段使い|はじめて,はるさん4769さん 女性 40代 4種類のシャワーモードを楽しむことができ満足しています。今まで使っていたシャワーヘッドがオーソドックスなタイプだったため、水圧が落ち感じがするので、欲を言えば強めの水圧シャワーが出たらいいなと思う。
2026/04/01,楽天,シャワー,ReFa FINE BUBBLE U+,https://review.rakuten.co.jp/item/1/262320_10002177?sort=6&page=1#itemReviewList,2026/03/20,5,2026/03/10,,プラクラさん 男性 50代 妻の誕生日プレゼントとして購入しました。家族みんなで使っていますが、水流の当たり方に変化があってマッサージ効果があると感じています。続いてホースも購入したいと思います。
2026/04/01,楽天,シャワー,ReFa FINE BUBBLE U+,https://review.rakuten.co.jp/item/1/262320_10002177?sort=6&page=1#itemReviewList,2026/03/20,5,2026/02/25,ずっと欲しいと思ってて、やっと買いました。ミストがいい!洗顔する時毛穴まで汚れが綺麗に落ちてる感じがします。肌が綺麗になる期待を込めます。,山いちさん 女性 50代
2026/04/15,楽天,シャワー,ReFa FINE BUBBLE U+,https://review.rakuten.co.jp/item/1/262320_10002177?sort=6&page=1#itemReviewList,2026/03/20,5,2026/03/10,前へ,プラクラさん 男性 50代 妻の誕生日プレゼントとして購入しました。家族みんなで使っていますが、水流の当たり方に変化があってマッサージ効果があると感じています。続いてホースも購入したいと思います。 1 2 3 4 5 6 7 8 9 10 ... 43
2026/04/01,楽天,シャワー,ReFa FINE BUBBLE U+,https://review.rakuten.co.jp/item/1/262320_10002177?sort=6&page=1#itemReviewList,2026/03/20,5,2026/03/14,水栓金具変える必要があるけど良かったです。,購入者さん
2026/04/01,楽天,シャワー,ReFa FINE BUBBLE U+,https://review.rakuten.co.jp/item/1/262320_10002177?sort=6&page=1#itemReviewList,2026/03/22,5,2026/03/05,ファインバブルSを使っており、新しく買い替えました。前回のものよりシャワーの水当たりが優しくなっており、使い心地も満足です。,購入者さん 水流の切り替えも以前よりスムーズです。
2026/04/01,楽天,シャワー,ReFa FINE BUBBLE U+,https://review.rakuten.co.jp/item/1/262320_10002177?sort=6&page=1#itemReviewList,2026/03/23,5,2026/03/18,すぐとどきました!以前使用していたシャワーヘッドが水漏れして壊れたので購入。使いやすいですし、とてもいいです!,購入者さん
2026/04/01,楽天,シャワー,ReFa FINE BUBBLE U+,https://review.rakuten.co.jp/item/1/262320_10002177?sort=6&page=1#itemReviewList,2026/03/23,4,2026/03/07,ずっとほしかったシャワーヘッド!,購入者さん 水圧が弱かった笑 自分用|実用品・普段使い|はじめて
2026/04/01,楽天,シャワー,ReFa FINE BUBBLE U+,https://review.rakuten.co.jp/item/1/262320_10002177?sort=6&page=1#itemReviewList,2026/03/24,5,2026/03/18,毎日のお風呂タイムで癒されて,ほのままさちほさん 女性 40代 ピンクのシャワーヘッド?可愛くて癒されます。毎日のお風呂タイムがサロンタイムになりそうです?
2026/04/01,楽天,シャワー,ReFa FINE BUBBLE U+,https://review.rakuten.co.jp/item/1/262320_10002177?sort=6&page=1#itemReviewList,2026/03/24,5,2026/03/18,納得の使い心地でした,親子でハワイゴルフデビューさん 男性 60代 取り付けも簡単で使い心地も申し分ないです あとは水道料金の節約につながることを祈るばかりでます 家族へ|実用品・普段使い|はじめて
2026/04/01,楽天,シャワー,ReFa FINE BUBBLE U+,https://review.rakuten.co.jp/item/1/262320_10002177?sort=6&page=1#itemReviewList,2026/03/25,5,2026/02/22,とにかくミストが気持ちよい,~紺~さん 女性 40代 マリオットグループのホテルに宿泊した際、自宅と同じシャンプー類を持参したにも関わらずシャワー後の髪がいつもよりしっとりツヤツヤしていたので、シャワーヘッドを確認したらReFaでした。 そこで「ReFaすごい!」と思い、ホテルのは最上級グレードの大きなヘッドでしたが、自宅用には大き過ぎるのでこちらの商品を購入しました。 個人的な感想ですが、やはりホテルの程は効果は無いように思いましたが、肌も髪も以前より良くなった気がします。何よりミストが心地よいです。 やはりミストモードにすると水温は下がりますが、ヘッドを身体に近づければそこそこ温かく、ずっとは厳しいけど洗顔などの短時間なら真冬でも使えました。 節水に関しては、わが家の給湯器がポンコツであまりに節水仕様のシャワーヘッドだと給湯器が反応しなくて水になってしまうのですが、このシャワーヘッドはどのモードでも給湯器が反応します。逆に言うと節水効果はそこまででは無いのかもしれませんが....。 水圧や水量に関しては、人によって好みが分かれると思うのですが、あまり強いのは好きではない私はピュアストレートモードが好きで、たっぷり浴びたい旦那はストレートモードを気に入っています。 シルキーバスに関しては、商品説明のような真っ白なシルキーバスができました。が、2分もしないうちに透明に戻ってしまいました。 それなりに値段は張りますが、買ってよかったと思える商品です。
2026/04/01,楽天,シャワー,ReFa FINE BUBBLE U+,https://review.rakuten.co.jp/item/1/262320_10002177?sort=6&page=1#itemReviewList,2026/03/25,5,2026/03/05,気にはなっていたものの、お値段が張るので悩んでいました。,購入者さん ペットサロンで使用しており、トリミング後の愛犬の手触りが全然違ったので思い切って購入です。 洗いあがりが通常のシャワーヘッドの時と違い、キシキシしないような気がします! 家族へ|実用品・普段使い|はじめて
2026/04/01,楽天,シャワー,ReFa FINE BUBBLE U+,https://review.rakuten.co.jp/item/1/262320_10002177?sort=6&page=1#itemReviewList,2026/03/25,5,2026/03/09,気持ちよくなりました 満足出来ていますありがとうございました,だぷあきさん 男性 50代
2026/04/02,楽天,シャワー,ReFa FINE BUBBLE U+,https://review.rakuten.co.jp/item/1/262320_10002177?sort=6&page=1#itemReviewList,2026/04/01,5,2026/03/25,さすがの、リファ!,ふぇっちさん 男性 40代 きめ細かいバブルで、ミストをするとスベスベになります。
2026/04/03,楽天,シャワー,ReFa FINE BUBBLE U+,https://review.rakuten.co.jp/item/1/262320_10002177?sort=6&page=1#itemReviewList,2026/04/03,3,2026/03/24,値段はネック,赤シエンタさん 男性 50代 今まで使っていたマイクロバブルシャワーヘッドよりもいい値段がするから凄くハードル上げてしまったのか?思っていたより普通ですが、家族の総意としては良い物という話です 家族へ|実用品・普段使い|はじめて
2026/04/05,楽天,シャワー,ReFa FINE BUBBLE U+,https://review.rakuten.co.jp/item/1/262320_10002177?sort=6&page=1#itemReviewList,2026/04/04,5,2026/04/01,梱包もされていてとても良かったあああああ,えぅえさん 10代
2026/04/04,楽天,シャワー,ReFa FINE BUBBLE U+,https://review.rakuten.co.jp/item/1/262320_10002177?sort=6&page=1#itemReviewList,2026/04/04,5,2026/03/25,総合的にリファが良い,Haru329772さん 女性 40代 13年間、シャワーヘッドとホースが一体化していたので今まで気になるシャワーヘッドを取り替えられずに悔しい思いをしていました。ホースごと取り替えることによりシャワーヘッドも選び放題との希望が見え、今まで溜め込んでいた高機能シャワーヘッドへの欲が溢れ、いろんなヘッドを比較しました。 最終的にミラブルかリファと悩み、スパジアムジャポンでどちらもお風呂に装備されていると聞き、体験しに行ってきたところ、リファの使いやすさを実感しました。顔や体だけでなく、お風呂掃除に使う時の水圧も考慮した結果、やはりリファの方が良いと感じました。シルキーバスもできるのでお風呂の時間が楽しくなりました。止水機能も問題なく止まります!
2026/04/05,楽天,シャワー,ReFa FINE BUBBLE U+,https://review.rakuten.co.jp/item/1/262320_10002177?sort=6&page=1#itemReviewList,2026/04/05,5,2026/03/26,,おキキちゃんさん 女性 40代 念願のシャワーヘッド、届きました。洗顔はミストで洗うと毛穴まで汚れが取れてるような気がします。気の問題かもしれませんが毎日の繰り返しで様子をみてみようと思います。
2026/04/05,楽天,シャワー,ReFa FINE BUBBLE U+,https://review.rakuten.co.jp/item/1/262320_10002177?sort=6&page=1#itemReviewList,2026/04/05,5,2026/03/31,ミストで洗うとさらさらになったー!白が清潔感ある!おススメ。,ほくだいくんさん 女性 50代
2026/04/05,楽天,シャワー,ReFa FINE BUBBLE U+,https://review.rakuten.co.jp/item/1/262320_10002177?sort=6&page=1#itemReviewList,2026/04/05,5,2026/03/20,泡が気持ちいい!,購入者さん 家のは5年前くらいに買ったもので、 子供の一人暮らしに買ったんですが、進化してます! 泡が本当に気持ちよくて、羨ましい! 新しいものはやっぱり良いですね 子供へ|実用品・普段使い
2026/04/06,楽天,シャワー,ReFa FINE BUBBLE U+,https://review.rakuten.co.jp/item/1/262320_10002177?sort=6&page=1#itemReviewList,2026/04/06,3,2026/04/05,色々吟味して、高くなったけど止水機能有りで見た目と性能で総合的に決めました。,購入者さん 止め水機能付きLIXILシャワーヘッドからの変更です。 いざヘッド交換しようとしたが、LIXILシャワーヘッドはホースと一体型でした。ホースを島忠で買ってまた付けようとしたけど、アダプタが必要でした。またアダプタ買いにいって、やっと取り付け完了しました。 ポイントジェットとミストは迫力あっていい感じですが、ピュアストレートとストレートが今まで使っていたシャワーの水圧より低くなったのが残念でした。止水ボタン押すと大方水は止まりますが、ボタボタ水がヘッドからこぼれる所も残念でした。 家族へ|実用品・普段使い|はじめて
2026/04/08,楽天,シャワー,ReFa FINE BUBBLE U+,https://review.rakuten.co.jp/item/1/262320_10002177?sort=6&page=1#itemReviewList,2026/04/07,5,2026/03/25,商品もすぐに届きました。,購入者さん 止水有りを購入しましたが止水無くても不便は無いと感じました。 家族へ|実用品・普段使い|はじめて
2026/04/08,楽天,シャワー,ReFa FINE BUBBLE U+,https://review.rakuten.co.jp/item/1/262320_10002177?sort=6&page=1#itemReviewList,2026/04/07,5,2026/04/05,念願のリファ購入。,もぎたん。さん 女性 50代 以前も他のを使っていたのでどんだけいいのか楽しみです
2026/04/08,楽天,シャワー,ReFa FINE BUBBLE U+,https://review.rakuten.co.jp/item/1/262320_10002177?sort=6&page=1#itemReviewList,2026/04/07,5,2026/04/01,悩みに悩んだ末に、購入しました。,みずき2636さん 女性 50代 結果、購入して良かったかな と思ってます。 取り付けもとても簡単で、すぐに使えました。
2026/04/07,楽天,シャワー,ReFa FINE BUBBLE U+,https://review.rakuten.co.jp/item/1/262320_10002177?sort=6&page=1#itemReviewList,2026/04/07,5,2026/04/02,某トレーニングジムのシャワーヘッドが、リファに。,はちみつ梅干しさん 女性 50代 試しに使ってみると、顔がしっとり乾燥していなかったので、どうしても欲しくなり購入。 大事に使います。ありがとうございました。
2026/04/08,楽天,シャワー,ReFa FINE BUBBLE U+,https://review.rakuten.co.jp/item/1/262320_10002177?sort=6&page=1#itemReviewList,2026/04/08,5,2026/04/05,リファのシャワーヘッド、最高~!!,購入者さん 温泉施設やスパなどで利用した事があり、とても良かったので、以前から欲しかったのですが...なかなかのお値段なので、迷っていましたが...今まで使っていたシャワーヘッドが壊れてしまったので、思い切って、購入させていただきました。 早速、取り付け、使用してみたところ、やっぱり1番ミストシャワーは気持ちがいいですね~!! 切り替えもスムーズにでき、家族みんなでとても満足しています!! 家族へ|実用品・普段使い|リピート
2026/04/09,楽天,シャワー,ReFa FINE BUBBLE U+,https://review.rakuten.co.jp/item/1/262320_10002177?sort=6&page=1#itemReviewList,2026/04/09,5,2026/04/05,よかった,購入者さん 水流が弱く星4と迷いましたが、使い心地に満足してるので星5にしました。1回で髪がツルさらです。肌はまだ変化が目に見えませんが、楽しみにしてます。モード切り替えの時に止水ボタン重宝してます。
2026/04/09,楽天,シャワー,ReFa FINE BUBBLE U+,https://review.rakuten.co.jp/item/1/262320_10002177?sort=6&page=1#itemReviewList,2026/04/09,4,2026/04/05,モチベ上がる,ぶーちゃん500さん 女性 40代 自分ご褒美にピンクを買いましたが色が可愛いですね! モチベが上がります! 使い続けて効果も実感できたらと思います! 自分用|実用品・普段使い|はじめて
2026/04/10,楽天,シャワー,ReFa FINE BUBBLE U+,https://review.rakuten.co.jp/item/1/262320_10002177?sort=6&page=1#itemReviewList,2026/04/09,4,2026/04/05,元祖のシャワーヘッドから買い替えです。全体的にマイルドだと感じました。切り替えもスライド式はいいですね。,購入者さん
2026/04/12,楽天,シャワー,ReFa FINE BUBBLE U+,https://review.rakuten.co.jp/item/1/262320_10002177?sort=6&page=1#itemReviewList,2026/04/11,5,2026/04/07,ずっと迷っていてやっと購入しました。,購入者さん ミストもいい感じですしジェットも水圧が強くていい感じです。ストレートで作れるシルキーバスもお風呂上がりのポカポカが持続します。
2026/04/12,楽天,シャワー,ReFa FINE BUBBLE U+,https://review.rakuten.co.jp/item/1/262320_10002177?sort=6&page=1#itemReviewList,2026/04/12,5,2026/04/09,実家で何年も使っていて、石鹸なくても、石鹸を使っているのと変わらない,Dyukarinさん 女性 50代 洗浄力だと思っています。また、石鹸を使った時より、肌の乾燥がないような気がします。 自宅でも使いたくて、今までのシャワーヘッドが壊れたので、購入しました。 効果は、十分わかっているので、使い始めています。 自分用|実用品・普段使い|はじめて
2026/04/12,楽天,シャワー,ReFa FINE BUBBLE U+,https://review.rakuten.co.jp/item/1/262320_10002177?sort=6&page=1#itemReviewList,2026/04/12,5,2026/04/07,贈り物で購入しました。,購入者さん よろこんでもらえたので購入してよかったです。
2026/04/15,楽天,シャワー,ReFa FINE BUBBLE U+,https://review.rakuten.co.jp/item/1/262320_10002177?sort=6&page=1#itemReviewList,2026/04/15,5,2026/03/28,商品が届きました。とても迅速で、素早い対応をして頂きました。ありがとうございました。,bou-chanさん 男性 40代
2026/04/15,楽天,シャワー,ReFa FINE BUBBLE U+,https://review.rakuten.co.jp/item/1/262320_10002177?sort=6&page=1#itemReviewList,2026/04/15,3,2026/04/10,機能と弱点を理解して購入すべし,No.9.さん 男性 50代 これまで使用してきたシャワーヘッドの止水機能部分から若干水漏れが始まったので、その代替として購入。実際に使用してみて、言われているほどの感動はなかった。事前に、リゾートホテルの浴場に備え付けてあるこの製品で機能や使い勝手は確認していたので、購入に不安はなかったが、どちらかというと「妻へのご褒美」的な感覚で購入。ほかの方も書いているが、ミスト機能は冬に向かず、かなり「寒さ」を感じてしまう。ミストかする際に熱が奪われるので、通常よりも高い温度のお湯で使用するか、浴室暖房などが入って、室温が高い環境で使用しないと使い物にならない。節水のためか、水の勢いは全体的に弱く、勢いで洗い流すような使い方はできないので、時間をかけて洗髪をするなどには適しているが、タイパを求める人には向かない。機能的な弱点を製造・販売側も理解しているのか、別売品に簡単にシャワーヘッド部が交換できるようにするアタッチメントもあるが、そういう製品を販売していることに納得感があり。このシャワーヘッドが「嫌い」な人もかなりいるだろうと思われている証左かと。機能と使い勝手を理解して購入すべきと思われる。ただ、決して「まったく使い物いならない」製品ではない。ミスト機能は、弱点を克服できれば良い機能だと感じている。 家族へ|実用品・普段使い|はじめて
2026/04/15,楽天,シャワー,ReFa FINE BUBBLE U+,https://review.rakuten.co.jp/item/1/262320_10002177?sort=6&page=1#itemReviewList,2026/04/15,4,2026/03/30,水漏れ→改善→快適,購入者さん 購入して利用開始後すぐに、パッキン部分から水漏れが発生。 再度つけなおすと、パッキン部分からの水漏れは止まったが、本体のありとあらゆる隙間から水漏れが発生。水漏れ具合が激しすぎて爆笑。 返品する前提でコールセンターに電話したところ、「付属のパッキンと交換する必要がある」とのこと。 パッキンを交換して再度取り付けたあとは水漏れゼロ。 今では快適なお風呂生活を過ごしてます。 「パッキンの交換」については、同封の説明書にも記載があり見落としでした。 同じような思いをした方もいらっしゃるかと思いますし、今後も発生するかと思いますので レビューの一つとして残しておきます。 参考にしてください。 そして、コールセンターの皆さま、ご対応ありがとうございます。 家族へ|おもたせ・ギフト|はじめて
2026/04/16,楽天,シャワー,ReFa FINE BUBBLE U+,https://review.rakuten.co.jp/item/1/262320_10002177?sort=6&page=1#itemReviewList,2026/04/16,5,2026/04/05,普段はピュアモード、顔は仕上げにミスト、頭皮はたまにジェットで使い分けています。,購入者さん 水圧は強すぎずちょうどよく、やや節水されているようです。(強い水圧よりもやさしい使用感。) 自分用|実用品・普段使い|はじめて
2026/04/17,楽天,シャワー,ReFa FINE BUBBLE U+,https://review.rakuten.co.jp/item/1/262320_10002177?sort=6&page=1#itemReviewList,2026/04/17,5,2026/03/05,,"mayukiw0925さん 女性 50代 高い買い物なので欲しいと思いつつもずっと購入を躊躇していましたが思い切って購入してよかったです。ミストが本当にいいです。顔を洗う前に1,2分当てるとスッキリしつつもしっとりしています。頭皮も年齢を重ねるごとに匂いも気になっていましたがリファのシャワーヘッドで洗った後はスッキリして匂いも気にならなくなりました。水圧も結構あるので私は満足です。もっと早く買っとけばよかったです。"
2026/04/18,楽天,シャワー,ReFa FINE BUBBLE U+,https://review.rakuten.co.jp/item/1/262320_10002177?sort=6&page=1#itemReviewList,2026/04/17,5,2026/04/16,4つの流水モードと、止水ボタン最高です。,ももっち4861さん 女性 50代 高い買い物ですが、価値があると思います。 色も気に入りました。 実用品・普段使い|リピート
2026/05/05,楽天,シャワー,ReFa FINE BUBBLE U+,https://review.rakuten.co.jp/item/1/262320_10002177?sort=6&page=1#itemReviewList,2026/04/17,5,2026/03/05,前へ,"mayukiw0925さん 女性 50代 高い買い物なので欲しいと思いつつもずっと購入を躊躇していましたが思い切って購入してよかったです。ミストが本当にいいです。顔を洗う前に1,2分当てるとスッキリしつつもしっとりしています。頭皮も年齢を重ねるごとに匂いも気になっていましたがリファのシャワーヘッドで洗った後はスッキリして匂いも気にならなくなりました。水圧も結構あるので私は満足です。もっと早く買っとけばよかったです。 1 2 3 4 5 6 7 8 9 10 ... 44"
2026/04/18,楽天,シャワー,ReFa FINE BUBBLE U+,https://review.rakuten.co.jp/item/1/262320_10002177?sort=6&page=1#itemReviewList,2026/04/17,5,2026/04/10,普通のシャワーよりもしっかり汚れが落ちている気がします!,購入者さん ミストが本当に気持ちよくとても気に入っています! 毎日のお風呂が楽しみになりました!
2026/04/19,楽天,シャワー,ReFa FINE BUBBLE U+,https://review.rakuten.co.jp/item/1/262320_10002177?sort=6&page=1#itemReviewList,2026/04/19,4,2026/03/31,家族へ|実用品・普段使い|はじめて,ワワアップさん 男性 50代 話題になっていたので気になって購入しました。水圧はしっかりあるのに肌あたりがやわらかくて、使っていて気持ちいいです。特にミストモードは顔に当てるとふんわり包まれる感じでリラックスできます。正直なところ劇的な変化とまではいきませんが、お風呂時間の満足度は確実に上がりました。ちょっと贅沢だけど、日々のご褒美としてはアリかなと思います
2026/04/20,楽天,シャワー,ReFa FINE BUBBLE U+,https://review.rakuten.co.jp/item/1/262320_10002177?sort=6&page=1#itemReviewList,2026/04/20,5,2026/04/18,,もこ虹09101113さん 女性 40代 ミストに切り替えれるヘッドの安いやつ使ってましたが、最近水漏れするようになり、そろそろ買い替えようと思い切ってこれにしました。ホースもついでに交換したかったので、色を揃えてブラック購入。発送も早くワクワクしながら開封しましたが、うちのシャワー、TOTOですが太ホースで最初に買ったアダプタがサイズ合わずさらにアダプタを買いに走りました。交換自体は簡単なのにアダプタ選びに苦戦。でも交換したら水漏れもなさそうだし、勢いもしっかりあって何よりブラックなのがかっこいいです。止水もちゃんと漏れずに止まってます。これから使ってくのが楽しみ。
2026/04/20,楽天,シャワー,ReFa FINE BUBBLE U+,https://review.rakuten.co.jp/item/1/262320_10002177?sort=6&page=1#itemReviewList,2026/04/20,5,2026/04/15,70代以上,にわにkakesuさん 女性 購入して良かった 今まで使用していたミ〇〇〇の接続部が壊れたのでいろいろ検討して今回ファインバブルUのピンクを購入しました。ノーリツのシャワーには付属品なしで接続できました。 初回から肌がしっとりしたのと、シャンプーの洗いも気持ちよくて感動しました。 お値段はしますがこれは価値ありだと思います。
2026/05/10,楽天,シャワー,ReFa FINE BUBBLE U+,https://review.rakuten.co.jp/item/1/262320_10002177?sort=6&page=1#itemReviewList,2026/04/20,5,2026/04/18,前へ,もこ虹09101113さん 女性 40代 ミストに切り替えれるヘッドの安いやつ使ってましたが、最近水漏れするようになり、そろそろ買い替えようと思い切ってこれにしました。ホースもついでに交換したかったので、色を揃えてブラック購入。発送も早くワクワクしながら開封しましたが、うちのシャワー、TOTOですが太ホースで最初に買ったアダプタがサイズ合わずさらにアダプタを買いに走りました。交換自体は簡単なのにアダプタ選びに苦戦。でも交換したら水漏れもなさそうだし、勢いもしっかりあって何よりブラックなのがかっこいいです。止水もちゃんと漏れずに止まってます。これから使ってくのが楽しみ。 1 2 3 4 5 6 7 8 9 10 ... 44
2026/04/22,楽天,シャワー,ReFa FINE BUBBLE U+,https://review.rakuten.co.jp/item/1/262320_10002177?sort=6&page=1#itemReviewList,2026/04/21,5,2026/04/16,肌を優しく洗えてる感じとシャワーの心地よさに癒されました。,モノクロ6777さん 男性 30代
2026/04/23,楽天,シャワー,ReFa FINE BUBBLE U+,https://review.rakuten.co.jp/item/1/262320_10002177?sort=6&page=1#itemReviewList,2026/04/22,5,2026/04/15,10年くらい旧型を愛用していました。,購入者さん 引っ越しで前の住宅に置いてきて、普通のシャワーヘッドを久々に使用していたら、子どもがなんか頭臭い気がするし肌荒れが。 自身も乾燥がなんだか気になるなあと、もしかしてと思い購入。 違いがすぐ分かりました。 今まで肌がツルツルに保てていたのはリファのお陰だった様です。 これからもよろしくお願い致します。 新型になって少し軽く感じ、使いやすくなったと思います。 家族へ|実用品・普段使い|リピート
2026/04/23,楽天,シャワー,ReFa FINE BUBBLE U+,https://review.rakuten.co.jp/item/1/262320_10002177?sort=6&page=1#itemReviewList,2026/04/22,3,2026/04/15,使用していたリファのシャワーヘッドが壊れかけてきたので買い替えしました。,購入者さん ミストが以前の物より顔に当たる感じが痛い。 粒が大きい? 以前の物はきめ細かく優しいタッチで顔に負担がかからないように感じたのですが、これは直接顔に当てるのは止めた方がよいのか... ミストが好きでリファを選んでいるので残念 仕様が変更になったのか不良品だったのかわかりません
2026/04/23,楽天,シャワー,ReFa FINE BUBBLE U+,https://review.rakuten.co.jp/item/1/262320_10002177?sort=6&page=1#itemReviewList,2026/04/23,5,2026/03/21,義母の誕生日プレゼントに購入しました!,ニャンコ先生0346さん 女性 30代 大変喜んでくれました! 家族へ|プレゼント|はじめて
2026/04/26,楽天,シャワー,ReFa FINE BUBBLE U+,https://review.rakuten.co.jp/item/1/262320_10002177?sort=6&page=1#itemReviewList,2026/04/25,5,2026/04/18,両親の結婚記念日に、新色のピンクをプレゼントしました。4種のシャワーの気持ちよさと可愛いピンク、喜んでもらえました。止水ボタンも使いやすいです。,購入者さん
2026/04/25,楽天,シャワー,ReFa FINE BUBBLE U+,https://review.rakuten.co.jp/item/1/262320_10002177?sort=6&page=1#itemReviewList,2026/04/25,5,2026/04/18,初購入!,maayaapiさん 女性 30代 ミストがよかった!フィルターとかが無いから交換などなくてコスパもいいです 自分用|実用品・普段使い|はじめて
2026/04/26,楽天,シャワー,ReFa FINE BUBBLE U+,https://review.rakuten.co.jp/item/1/262320_10002177?sort=6&page=1#itemReviewList,2026/04/25,5,2026/04/05,肌への当たりが柔らかく4つのモードを部位に合わせて使い分けられるのが便利です。高価ですが、確かな機能性を感じる一台です。,購入者さん
2026/04/26,楽天,シャワー,ReFa FINE BUBBLE U+,https://review.rakuten.co.jp/item/1/262320_10002177?sort=6&page=1#itemReviewList,2026/04/25,5,2026/04/20,自宅で愛用していて、プレゼント用で購入しました。,ジョセフベビーさん 女性 20代 お肌にも優しいモード、使用後の髪のツヤ感、お掃除に便利なジェットモード等、素敵な商品に出会えて本当に良かったです! 友人へ|プレゼント|はじめて
2026/04/26,楽天,シャワー,ReFa FINE BUBBLE U+,https://review.rakuten.co.jp/item/1/262320_10002177?sort=6&page=1#itemReviewList,2026/04/26,4,2026/04/18,ミストとジェットが気に入っています。,"Ω""さん 女性 50代 家族にプレゼントしました。 シルバーを選びましたが、水色も良かったかも 家族へ|プレゼント"
2026/04/28,楽天,シャワー,ReFa FINE BUBBLE U+,https://review.rakuten.co.jp/item/1/262320_10002177?sort=6&page=1#itemReviewList,2026/04/27,4,2026/04/05,とても使いやすく満足しております。ただ、少し当たっただけでも止水されてしまうので、もう少しボタンの感度を下げてもいい気もします。,ちゃま42245127さん 女性 30代
2026/04/28,楽天,シャワー,ReFa FINE BUBBLE U+,https://review.rakuten.co.jp/item/1/262320_10002177?sort=6&page=1#itemReviewList,2026/04/27,5,2026/04/18,もっと早く買えばよかった!,購入者summer&Eyeさん 男性 60代 価格は少し高いですが、使ってみたら大満足です。 嫁さんの希望で購入しまたが、4種類の水流の切り替えがありそれぞれどれも気持ちいいです。 もっと早く買えばよかった。
2026/04/28,楽天,シャワー,ReFa FINE BUBBLE U+,https://review.rakuten.co.jp/item/1/262320_10002177?sort=6&page=1#itemReviewList,2026/04/28,3,2026/04/24,期待値が高すぎたかな,chocochoco999さん 女性 50代 他社のシルキーファインバブルシャワープレミアムからの買い替えです。問題は無かったのですが、スキンケアとかに惹かれて購入しました。こちらは、ヘッドはやや大きく、水圧は全体的に弱く感じました。ミストは水温が冷たく感じますが、やわらかく気持ちが良いです。ピュアストレートとストレートの水圧が他社より断然弱く、髪を洗う際には軽いストレスを感じます。ストレートだけは勢いが凄くて高圧洗浄並でした。浴槽に入れて肩や腰に当てると気持ち良かったです。切替で色々楽しめるのは良いんですけどね。金額、水圧等を考えるとグレードダウンした気がします。うるおい等様子見します。 家族へ|実用品・普段使い|はじめて
2026/04/29,楽天,シャワー,ReFa FINE BUBBLE U+,https://review.rakuten.co.jp/item/1/262320_10002177?sort=6&page=1#itemReviewList,2026/04/28,4,2026/04/25,素早い対応ですぐ使うことができよかった。商品もとても満足している。,MK024398さん 男性 40代
2026/05/01,楽天,シャワー,ReFa FINE BUBBLE U+,https://review.rakuten.co.jp/item/1/262320_10002177?sort=6&page=1#itemReviewList,2026/04/30,5,2026/04/27,妻の誕生日プレゼントで購入しました。,Fisherman55さん 男性 30代 これから使うのが楽しみです。 見た目も高級感があり良い商品です。 女性(彼女、妻)へ|プレゼント|はじめて
2026/05/01,楽天,シャワー,ReFa FINE BUBBLE U+,https://review.rakuten.co.jp/item/1/262320_10002177?sort=6&page=1#itemReviewList,2026/04/30,5,2026/04/25,母の日プレゼント,購入者さん 以前、旅行の際にホテルで使用して気に入った商品、早いですが母の日プレゼント。INAXのシャワーヘッド交換もスムーズで満足、商品の使用感も満足ということです。 家族へ|プレゼント|はじめて
2026/04/30,楽天,シャワー,ReFa FINE BUBBLE U+,https://review.rakuten.co.jp/item/1/262320_10002177?sort=6&page=1#itemReviewList,2026/04/30,5,2026/04/18,母へのプレゼントで購入しました。早い配送でした。商品は問題ないですが強いて言うなら3点セットを購入したのでショッパーが大きいとよかったです。,購入者さん
2026/04/30,楽天,シャワー,ReFa FINE BUBBLE U+,https://review.rakuten.co.jp/item/1/262320_10002177?sort=6&page=1#itemReviewList,2026/04/30,5,2026/04/25,私自身も使っていてとても良かったので、,購入者さん 友人へのお祝いで購入しました。 とても喜んでもらえました。 特にミストが気に入ったそうです。
2026/05/01,楽天,シャワー,ReFa FINE BUBBLE U+,https://review.rakuten.co.jp/item/1/262320_10002177?sort=6&page=1#itemReviewList,2026/05/01,5,2026/03/10,シャワーヘッドが軽い?? 選べる4つの水流。家族の肌改善のために購入。,みかもん0717さん 女性 30代 家族へ|実用品・普段使い|はじめて
2026/05/03,楽天,シャワー,ReFa FINE BUBBLE U+,https://review.rakuten.co.jp/item/1/262320_10002177?sort=6&page=1#itemReviewList,2026/05/02,5,2026/04/25,もっと早く購入すれば良かったです。,購入者さん シャワーを浴びるだけで髪の毛もさらさら、肌の汚れも綺麗になり大満足です。 家族へ|実用品・普段使い|はじめて
2026/05/03,楽天,シャワー,ReFa FINE BUBBLE U+,https://review.rakuten.co.jp/item/1/262320_10002177?sort=6&page=1#itemReviewList,2026/05/02,5,2026/04/28,使ってみたら良さがわかる。,みのくん0923さん 男性 60代 PRとかで見て本当に良い商品なのかなぁと思っていましたが、たまたま家の近くのスパに行ったらリファのシャワーヘッド使用していて、半信半疑で使ってみたら、とても良い感じだったので今回購入をしました。ミストが大変お気に入りです。 家族へ|実用品・普段使い|はじめて
2026/05/05,楽天,シャワー,ReFa FINE BUBBLE U+,https://review.rakuten.co.jp/item/1/262320_10002177?sort=6&page=1#itemReviewList,2026/05/04,3,2026/04/29,プレゼントに購入しました。,購入者さん 物自体が良いのは知っています。 今回は母の日限定ラッピングにしましたがチャームがついてなくて残念。確認したら小さい文字で終了したと書いてありました。 有料ならもっとわかるように記載してほしかったです。そこが残念でした 家族へ|プレゼント|リピート
2026/05/04,楽天,シャワー,ReFa FINE BUBBLE U+,https://review.rakuten.co.jp/item/1/262320_10002177?sort=6&page=1#itemReviewList,2026/05/04,5,2026/02/15,プレゼント用に購入しました!包装も可愛かったですしとても喜んでくれました!,購入者さん
2026/05/05,楽天,シャワー,ReFa FINE BUBBLE U+,https://review.rakuten.co.jp/item/1/262320_10002177?sort=6&page=1#itemReviewList,2026/05/04,1,2026/04/27,水漏れする,アクエリアス1979さん 男性 40代 接続部分から水漏れし、ボタンの部分からも水漏れする 自分用|実用品・普段使い|はじめて
2026/05/05,楽天,シャワー,ReFa FINE BUBBLE U+,https://review.rakuten.co.jp/item/1/262320_10002177?sort=6&page=1#itemReviewList,2026/05/05,5,2026/04/30,古希を迎える母へ兄妹からプレゼントとして贈りました。,購入者さん どんなプレゼントにするか兄妹で悩みましたが、シャワーヘッドなら毎日使ってもらえるし、これからも若々しくいてもらえるかなと思ったので、プレゼントとして最適でした。 喜んでもらえました。 家族へ|実用品・普段使い|はじめて
2026/05/06,楽天,シャワー,ReFa FINE BUBBLE U+,https://review.rakuten.co.jp/item/1/262320_10002177?sort=6&page=1#itemReviewList,2026/05/05,5,2026/04/25,止水有りにすることで、普段流しっぱなしにするところで止める習慣ができ節水になっています,購入者さん 自分用|実用品・普段使い|はじめて
2026/05/07,楽天,シャワー,ReFa FINE BUBBLE U+,https://review.rakuten.co.jp/item/1/262320_10002177?sort=6&page=1#itemReviewList,2026/05/06,5,2026/04/18,息子達も気に入ってます。ミストが気持ち良すぎてバスタイムが楽しみです!止水付きは便利です。,購入者さん
2026/05/07,楽天,シャワー,ReFa FINE BUBBLE U+,https://review.rakuten.co.jp/item/1/262320_10002177?sort=6&page=1#itemReviewList,2026/05/07,4,2026/05/03,今まで使っていたのが軽くて水圧も強かったからか、大きくて重く水圧も弱いです。こんなものなのかな?ミストが気持ち良かったです。水道代に期待。,購入者さん 自分用|実用品・普段使い|はじめて
2026/05/09,楽天,シャワー,ReFa FINE BUBBLE U+,https://review.rakuten.co.jp/item/1/262320_10002177?sort=6&page=1#itemReviewList,2026/05/08,4,2026/04/24,自分用|実用品・普段使い|はじめて,購入者さん 肌荒れが少なくなってきました。効果はとても良いですが、シャワーヘッドが大きいのと、止水ボタンが間違って押してしまう位置なのが残念なポイントです。なので?1にしました
2026/05/10,楽天,シャワー,ReFa FINE BUBBLE U+,https://review.rakuten.co.jp/item/1/262320_10002177?sort=6&page=1#itemReviewList,2026/05/10,5,2026/03/05,いろいろな水流があるので良いです。,購入者さん ヘナをしているのですが、落ちにくくなった気もします。
2026/05/11,楽天,シャワー,ReFa FINE BUBBLE U+,https://review.rakuten.co.jp/item/1/262320_10002177?sort=6&page=1#itemReviewList,2026/05/10,5,2026/04/25,温泉にこのシャワーヘッドがあり、使い心地が良くて自宅でも使いたいと思って購入しました。とても気持ちよく、高いですが買って良かったです。,購入者さん
2026/05/13,楽天,シャワー,ReFa FINE BUBBLE U+,https://review.rakuten.co.jp/item/1/262320_10002177?sort=6&page=1#itemReviewList,2026/05/12,5,2026/05/10,,"購入者さん 息子に勧められて購入しました。節水以外のことは知らなかったので,説明書に4つのモードの特徴や使用例などの記載があれば良かったと思いました。簡単に取り付けられて水圧も申し分なく,ミストのモードは初めての体験でした。汗をかくこれからの季節には特にお勧めです。"
2026/05/12,楽天,シャワー,ReFa FINE BUBBLE U+,https://review.rakuten.co.jp/item/1/262320_10002177?sort=6&page=1#itemReviewList,2026/05/12,4,2026/05/09,こちらに変えたら、肌の洗い上がりがさっぱりするように感じました。使い続けて効果をさらに感じれたら嬉しいです。,購入者さん モードを切り替えてすぐの数秒ほど、出るはずではないシャワーの穴から水がポタポタと出てきます。使いはじめは不良品?漏れてる?のかと思いましたが、数秒待てば止まるので、単に中に残った水が排水される仕様みたいです。
2026/05/13,楽天,シャワー,ReFa FINE BUBBLE U+,https://review.rakuten.co.jp/item/1/262320_10002177?sort=6&page=1#itemReviewList,2026/05/12,5,2026/04/25,妻もミストがお肌に優しいという事で気に入っています!,PAYTONさん 男性 30代 1歳の子供もシャワーが柔らかくなったので、前より楽しそうにシャワーを浴びています。 止水付きにしてこまめに停止できるので水道代節約も出来て購入して良かったです! 自分用|実用品・普段使い|はじめて
2026/05/12,楽天,シャワー,ReFa FINE BUBBLE U+,https://review.rakuten.co.jp/item/1/262320_10002177?sort=6&page=1#itemReviewList,2026/05/12,4,2026/05/01,家族がとても喜んでくれました!,購入者さん ただ水圧が思ったより強く無かったです。 家族へ|プレゼント|はじめて
2026/05/13,楽天,シャワー,ReFa FINE BUBBLE U+,https://review.rakuten.co.jp/item/1/262320_10002177?sort=6&page=1#itemReviewList,2026/05/12,5,2026/05/06,母の日に嬉しいプレゼント?,らり0216さん 女性 40代 限定色に、涙?
2026/05/13,楽天,シャワー,ReFa FINE BUBBLE U+,https://review.rakuten.co.jp/item/1/262320_10002177?sort=6&page=1#itemReviewList,2026/05/13,5,2026/05/10,リピーター2代目ReFa?安心するシャワーヘッドです!切り替えスイッチもスムーズで使いやすい商品!引越し先ににも取り付け?,購入者さん 家族へ|実用品・普段使い|リピート
2026/05/14,楽天,シャワー,ReFa FINE BUBBLE U+,https://review.rakuten.co.jp/item/1/262320_10002177?sort=6&page=1#itemReviewList,2026/05/13,5,2026/05/08,母の日のプレゼントとして購入しました。,shochoppinさん 男性 40代 予定よりも早く届き、とても助かりました。 母にとって初めてのReFaでしたが、とても喜んでもらえました。 また別の商品も購入してみたいと思います!
2026/05/15,楽天,シャワー,ReFa FINE BUBBLE U+,https://review.rakuten.co.jp/item/1/262320_10002177?sort=6&page=1#itemReviewList,2026/05/14,4,2026/05/05,,購入者さん ずっと欲しかったヘッドをやっと購入しました。水圧が弱いという表記でしたが、そこまで気になりませんでした。ミスト、ポイントシャワーは、とても気持ちいいので、つい長く使用してしまいそうになります。
2026/05/14,楽天,シャワー,ReFa FINE BUBBLE U+,https://review.rakuten.co.jp/item/1/262320_10002177?sort=6&page=1#itemReviewList,2026/05/14,4,2026/05/10,70代以上,macobaobaさん 男性 期待通りに使えています それぞれのシャワーモードでの流量・水圧は、期待通りでした。 シャワーホースも一緒に交換しようと思いましたが、シルバーが在庫切れでしたので aサイトの公式店から購入しました。さすが!ジャストフィットです。 とくにミストは肌にやさしく綺麗に洗い流してくれます。 良い製品です! 家族へ|実用品・普段使い|リピート
2026/06/04,楽天,シャワー,ReFa FINE BUBBLE U+,https://review.rakuten.co.jp/item/1/262320_10002177?sort=6&page=1#itemReviewList,2026/05/14,4,2026/05/05,前へ,購入者さん ずっと欲しかったヘッドをやっと購入しました。水圧が弱いという表記でしたが、そこまで気になりませんでした。ミスト、ポイントシャワーは、とても気持ちいいので、つい長く使用してしまいそうになります。 1 2 3 4 5 6 7 8 9 10 ... 46
2026/05/16,楽天,シャワー,ReFa FINE BUBBLE U+,https://review.rakuten.co.jp/item/1/262320_10002177?sort=6&page=1#itemReviewList,2026/05/16,5,2025/12/04,5年前のタイプのリファシャワーヘッドを使っていましたが、手元で止水出来ないのが面倒で、次は他のを買おうかと思ってました。,購入者さん 今回壊れたタイミングでリファをチェックしたら、止水タイプが出てる!やっぱり手元で止水できると全然違います。すごく使いやすくなりました。 また壊れたらリピートしようと思います。
2026/05/17,楽天,シャワー,ReFa FINE BUBBLE U+,https://review.rakuten.co.jp/item/1/262320_10002177?sort=6&page=1#itemReviewList,2026/05/16,4,2026/05/08,私は気に入っていますが...,購入者さん 使っていたシャワーヘッドが壊れたので、購入しました。しばらく水道を止める癖が身に付いていたので、止水機能はなくても良かったかもと思いました。歴代のシャワーヘッドは、どれも止水ボタンが前面に付いてたし、持たずに使っていたので押しやすかったです。家族は重いとか、シャワーの角度が下に向いてるから、体に当たりにくいと言っていますが、私はこのシャワーヘッドになってからは持って使うので、多少の重みは仕方ないかなと思っています。使用感は最高で気持ちいいです。
2026/05/16,楽天,シャワー,ReFa FINE BUBBLE U+,https://review.rakuten.co.jp/item/1/262320_10002177?sort=6&page=1#itemReviewList,2026/05/16,5,2026/04/10,購入してよかったです。,購入者さん 止水有・無と迷いましたが、私は止水無でも十分でした。とにかく髪を洗った時が全然違いました。しっかり洗えている気がする...!おかげで頭皮の臭いが減ったように感じます。お湯タンクのメモリの減りが遅いので節水も感じました。お高めでしたが、かなり満足しています。 自分用|実用品・普段使い|はじめて
2026/05/17,楽天,シャワー,ReFa FINE BUBBLE U+,https://review.rakuten.co.jp/item/1/262320_10002177?sort=6&page=1#itemReviewList,2026/05/17,5,2026/05/09,お勧めします。,気楽な老後さん 男性 60代 実際の使用感は、良く水圧が弱くなり、あまり良くないとの感想が見受けられるが自宅は、普通の水圧であるが、うまくファインバブルが使えて心配はご無用です。 妻へのプレゼントして購入しましたが、喜んでくれて購入してよかったです。
2026/05/19,楽天,シャワー,ReFa FINE BUBBLE U+,https://review.rakuten.co.jp/item/1/262320_10002177?sort=6&page=1#itemReviewList,2026/05/18,4,2026/05/13,使い始めて数日なので効果のほどはわかりませんが、肌がしっとりしてきたような気がします。髪の毛も翌朝手入れしやすくなったような気がします。,購入者さん 顔を洗うときのミストが気持ちいい! 取り付けはとても簡単でした。 自分用|実用品・普段使い|はじめて
2026/05/19,楽天,シャワー,ReFa FINE BUBBLE U+,https://review.rakuten.co.jp/item/1/262320_10002177?sort=6&page=1#itemReviewList,2026/05/18,5,2026/05/10,取付も簡単!水流もとても繊細なシャワーになり、地肌も清潔に保てるし、少ない水量で済むので水道代節水へ確実につながって大満足です!!,購入者さん 家族へ|実用品・普段使い|はじめて
2026/05/18,楽天,シャワー,ReFa FINE BUBBLE U+,https://review.rakuten.co.jp/item/1/262320_10002177?sort=6&page=1#itemReviewList,2026/05/18,4,2026/05/13,昨日に取り付けを行いました。,waztakさん 男性 50代 最終的には問題なく利用できておりますが、当方の元のシャワーヘッドがリクシルのヘッドであったため、太いOリングだと接続部分やや本体から水漏れが起こりました。 付属の細いOリングに交換すれば解消すると今の所解消しております。 しばらく使用してみて問題が無いと良いのですが、また水漏れするのですは無いかと少し不安です。
2026/05/20,楽天,シャワー,ReFa FINE BUBBLE U+,https://review.rakuten.co.jp/item/1/262320_10002177?sort=6&page=1#itemReviewList,2026/05/19,5,2026/05/09,新築祝いでプレゼントしました。,ここ3177さん 女性 30代 きちんと日にち時間指定に届き、とてもよかったと喜んでもらったので、自分の家にも欲しくなりました。 親戚へ|プレゼント|はじめて
2026/05/21,楽天,シャワー,ReFa FINE BUBBLE U+,https://review.rakuten.co.jp/item/1/262320_10002177?sort=6&page=1#itemReviewList,2026/05/20,5,2026/05/13,4段階でモードが変えられて、ミストもすごく気持ちよかったです。,アンリ0426さん 女性 40代
2026/05/20,楽天,シャワー,ReFa FINE BUBBLE U+,https://review.rakuten.co.jp/item/1/262320_10002177?sort=6&page=1#itemReviewList,2026/05/20,5,2026/05/15,家族へ|実用品・普段使い|はじめて,ニンフィアさん 男性 50代 使い始めて数日ですが、シャンプーの時の泡立ちがすごく良くなりました。気持ち的な部分はあると思いますが、シャワーの後の肌がしっとりしていて、毛穴の汚れも落ちている感じがします。もっと早くこのシャワーヘッドに変えていればと思います。
2026/05/22,楽天,シャワー,ReFa FINE BUBBLE U+,https://review.rakuten.co.jp/item/1/262320_10002177?sort=6&page=1#itemReviewList,2026/05/21,5,2026/05/10,使い始めてから肌がツルツルしてきた気がします。シャンプーの泡立ちもよくなりました。ミストはかなり気持ちが良いです。,購入者さん 家族へ|実用品・普段使い|はじめて
2026/05/23,楽天,シャワー,ReFa FINE BUBBLE U+,https://review.rakuten.co.jp/item/1/262320_10002177?sort=6&page=1#itemReviewList,2026/05/22,5,2026/05/14,リファの商品はどれもものすごくいいと思います!,おれんじあき1119さん 女性 40代 今回はプレゼント?にて使用させて頂きました。 間違いなく喜ばれる商品だと思います! 家族へ|プレゼント|リピート
2026/05/25,楽天,シャワー,ReFa FINE BUBBLE U+,https://review.rakuten.co.jp/item/1/262320_10002177?sort=6&page=1#itemReviewList,2026/05/24,5,2026/05/15,到着早くて良かったです。,購入者さん 水圧に関しては賃貸なので勢いはちょっと物足りないけどこれはシャワーヘッドのせいじゃない笑 自分用|実用品・普段使い|はじめて
2026/05/25,楽天,シャワー,ReFa FINE BUBBLE U+,https://review.rakuten.co.jp/item/1/262320_10002177?sort=6&page=1#itemReviewList,2026/05/24,4,2026/05/13,良い,購入者さん ミストを顔に2分あてるのを1週間続けているんですが、お肌の調子が本当に良くなりました。買ってよかったです。ミストの息継ぎ用にボタン有りを買ってよかったです。あとピンクが可愛い!後ろの白い部分も光沢がピンク
2026/05/26,楽天,シャワー,ReFa FINE BUBBLE U+,https://review.rakuten.co.jp/item/1/262320_10002177?sort=6&page=1#itemReviewList,2026/05/25,4,2026/05/16,,DearJessieさん 男性 60代 5年前にベーシックモデルを買って良い感じでしたが、ジェットモードが欲しくて上級モデルに変えましたがどうにも使い勝手が悪くて他社を試して結局最初のベーシックモデルに戻していました。以前買ったモデルは切り替えが難しく握り感も悪かったですが、それらは改善されていました。色で選ぶとストッパー付きになってしまいましたが、我が家では使いません。握っている時にうっかり押してしまうこともあります。ミストも従来は誰も使いませんでしたが、今度のは良いらしいです。ピュアストレートが一番人気です。
2026/05/26,楽天,シャワー,ReFa FINE BUBBLE U+,https://review.rakuten.co.jp/item/1/262320_10002177?sort=6&page=1#itemReviewList,2026/05/25,5,2026/04/15,ずーっと気になってたシャワーヘッド、引越しを機に購入してみました!,りゆmamaさん 女性 30代 気分で4段階切り替えながら使ってます。以前使ってたものより水圧が弱かったのですが、すぐ慣れました。ミストも気持ちいいし、買って良かったです♪ 自分用|実用品・普段使い|はじめて
2026/06/12,楽天,シャワー,ReFa FINE BUBBLE U+,https://review.rakuten.co.jp/item/1/262320_10002177?sort=6&page=1#itemReviewList,2026/05/25,4,2026/05/16,前へ,DearJessieさん 男性 60代 5年前にベーシックモデルを買って良い感じでしたが、ジェットモードが欲しくて上級モデルに変えましたがどうにも使い勝手が悪くて他社を試して結局最初のベーシックモデルに戻していました。以前買ったモデルは切り替えが難しく握り感も悪かったですが、それらは改善されていました。色で選ぶとストッパー付きになってしまいましたが、我が家では使いません。握っている時にうっかり押してしまうこともあります。ミストも従来は誰も使いませんでしたが、今度のは良いらしいです。ピュアストレートが一番人気です。 1 2 3 4 5 6 7 8 9 10 ... 46
2026/05/27,楽天,シャワー,ReFa FINE BUBBLE U+,https://review.rakuten.co.jp/item/1/262320_10002177?sort=6&page=1#itemReviewList,2026/05/26,4,2026/05/20,とてもオススメ,購入者さん 取り付けも簡単で見た目もとても可愛い!!
2026/05/26,楽天,シャワー,ReFa FINE BUBBLE U+,https://review.rakuten.co.jp/item/1/262320_10002177?sort=6&page=1#itemReviewList,2026/05/26,4,2026/05/18,ヘッドがやはり大きく存在感がありますが、,mihoko1985さん 女性 40代 切り替えて使用できてミストは気持ち良いです。 リファを使ってみたかったので、買ってよかった 自分用|実用品・普段使い|はじめて
2026/05/29,楽天,シャワー,ReFa FINE BUBBLE U+,https://review.rakuten.co.jp/item/1/262320_10002177?sort=6&page=1#itemReviewList,2026/05/28,1,2026/05/24,ダラダラ水漏れします,楽天198711166726さん 男性 30代 水漏れが酷くてすごい不快です。35000円の価値はないです。楽しみにしてたので残念です。
2026/05/31,楽天,シャワー,ReFa FINE BUBBLE U+,https://review.rakuten.co.jp/item/1/262320_10002177?sort=6&page=1#itemReviewList,2026/05/30,5,2026/01/25,デザインも水流も切り替えスイッチの使いやすさも全て気に入ってます。もっと早く買えばよかった!!,ゆいまる529さん 女性 40代 自分用|実用品・普段使い|はじめて
2026/05/30,楽天,シャワー,ReFa FINE BUBBLE U+,https://review.rakuten.co.jp/item/1/262320_10002177?sort=6&page=1#itemReviewList,2026/05/30,5,2026/05/20,ラッピングも可愛くて妻も大喜びです。だた付属のアダプタを使用していますが連結部から漏水があります。ホースの問題かもしれませんので時期を見てホース交換を考えます。,よしdonさん 男性 60代
2026/06/01,楽天,シャワー,ReFa FINE BUBBLE U+,https://review.rakuten.co.jp/item/1/262320_10002177?sort=6&page=1#itemReviewList,2026/05/31,4,2026/05/25,大変満足です。引っ越しを機に購入しましたが一度使っただけで違いがわかります。,あき05729841さん 女性 50代 お風呂に入るのが楽しみで朝晩入ってしまいます。 大きめで若干重さを感じますが、すぐ慣れました。
2026/06/02,楽天,シャワー,ReFa FINE BUBBLE U+,https://review.rakuten.co.jp/item/1/262320_10002177?sort=6&page=1#itemReviewList,2026/06/01,5,2026/05/10,,購入者さん ホントに良いです。1週間くらいで背中がスベスベになりました。家族はあまり実感できてないようなので、個人差はあるかもしれません。朝からシャワーを浴びるくらい気に入っています。夏になる前に買って良かったです。
2026/06/02,楽天,シャワー,ReFa FINE BUBBLE U+,https://review.rakuten.co.jp/item/1/262320_10002177?sort=6&page=1#itemReviewList,2026/06/01,5,2026/04/25,より便利なシャワーヘッド!,tysar-sさん 女性 50代 以前からリファのシャワーヘッドを使っていましたが、水流の切り替え部の所が欠けてしまい、今回やっと買い替えしました♪ 新たにシャワーヘッドに停止ボタンも付いたので、より使いやすいシャワーヘッドになりました! 家族で大事に愛用していきたいと思います♪ 家族へ|実用品・普段使い|はじめて
2026/06/14,楽天,シャワー,ReFa FINE BUBBLE U+,https://review.rakuten.co.jp/item/1/262320_10002177?sort=6&page=1#itemReviewList,2026/06/01,5,2026/05/10,前へ,購入者さん ホントに良いです。1週間くらいで背中がスベスベになりました。家族はあまり実感できてないようなので、個人差はあるかもしれません。朝からシャワーを浴びるくらい気に入っています。夏になる前に買って良かったです。 1 2 3 4 5 6 7 8 9 10 ... 47
2026/06/01,楽天,シャワー,ReFa FINE BUBBLE U+,https://review.rakuten.co.jp/item/1/262320_10002177?sort=6&page=1#itemReviewList,2026/06/01,5,2026/05/27,悩んでましたが買ってよかったです!,購入者さん お風呂入るの好きになりました。
2026/06/03,楽天,シャワー,ReFa FINE BUBBLE U+,https://review.rakuten.co.jp/item/1/262320_10002177?sort=6&page=1#itemReviewList,2026/06/03,5,2026/04/25,とても使いやすく いい商品,kkk2035さん 男性 40代 またリピートしたいです。
2026/06/03,楽天,シャワー,ReFa FINE BUBBLE U+,https://review.rakuten.co.jp/item/1/262320_10002177?sort=6&page=1#itemReviewList,2026/06/03,5,2026/05/09,実家用に購入してよかったので、今回は、新居用に購入,to~fuさん 女性 50代 以前のものより、水圧切り替えが楽になってました
2026/06/04,楽天,シャワー,ReFa FINE BUBBLE U+,https://review.rakuten.co.jp/item/1/262320_10002177?sort=6&page=1#itemReviewList,2026/06/04,5,2026/05/15,ニキビ減った!,購入者さん ニキビ出来やすい薄肌敏感肌の自分とアトピーの子どものために購入。 このシャワーヘッドに変えてから圧倒的にニキビ減りました!ミストモードで優しく且つしっかり洗えているんだと思います。 子どものアトピーへの効果はまだ分からないので引き続き様子見です。 悪化したり極端に痒がったりしないので期待値は高いです!
2026/06/04,楽天,シャワー,ReFa FINE BUBBLE U+,https://review.rakuten.co.jp/item/1/262320_10002177?sort=6&page=1#itemReviewList,2026/06/04,3,2026/05/26,水圧が激弱になります。,購入者さん 効果は感じられませんが、しばらく使ってみます。
2026/06/05,楽天,シャワー,ReFa FINE BUBBLE U+,https://review.rakuten.co.jp/item/1/262320_10002177?sort=6&page=1#itemReviewList,2026/06/05,5,2026/05/30,,購入者さん ヘッドの取替えは簡単でした。4段階のモードを選べるのが気に入っています。今まで使っていたものより、水圧が弱いかなと思いましたが、慣れていくと思うので問題ないですね。買ってよかった。
2026/06/06,楽天,シャワー,ReFa FINE BUBBLE U+,https://review.rakuten.co.jp/item/1/262320_10002177?sort=6&page=1#itemReviewList,2026/06/05,5,2026/05/13,QOL爆アゲで世界変わります!,JUN1801さん 男性 40代 肌のキメが細かくなり、潤って柔らかくなります。 ミストを当ててる時間で、水のはじき方が撥水から親水よりに変わっていくので驚きました! シャンプーの泡立ちがよくなり、トリートメントしなくても、指通りがよくなり、艶が出ます。湯シャンでもシャンプーしてるのとほとんど変わらないくらい汚れが落ちてる気がします。 ジェットで歯茎や舌を洗えば口臭もケアできます。 ここからは風呂場以外の話になりますが、マイクロバブルは直ぐに消えてしまいますが、ウルトラファインバブルは衝撃などを加えない限り、何週間も残るようで、シャワーからバケツに組めば掃除や洗車に利用できます。 洗剤レスでかなり綺麗になり、時短になるうえ、コーティングのような防汚効果もあるように感じています。 駅や高速道路のトイレにもウルトラファインバブルが採用され始めてるようで、汚れや匂いがとれて、汚れも付きにくくなるようです。 節水効果以外にも、洗剤やスキンケア等の消耗品も減らせるので、かなりの節約になると思います! 切り傷を洗ったら綺麗にくっついたし、IPL光脱毛とも相性が良く、伸びてこなくなった毛が肌に黒い点状に残るのも洗い流されて減ってる気がします。 試してないですが、植物の育ちがよくなったり、牡蠣などの養殖につかわれてたり、氷にすれば溶けにくかったりするようです。 いい事づくめで恐ろしいくらいで、テンション上がって職場で語っていたら、マルチ商法みたいだと突っ込まれるくらいです(汗) ですが一点だけデメリットも見つけました。 ボディソープなどのいい匂いもファインバブルで落ちて薄くなります(笑) とにかく凄すぎて世界変わります!個人的には水の産業革命のようなもので夢の技術だと思っています。 ダムから流す時には全部ウルトラファインバブルにして日本中に届けたいくらいです。 節水効果高いので、水不足の国を救ったり、発電等に応用したり出来ないかなーとか妄想してました。 自分用|実用品・普段使い
2026/06/06,楽天,シャワー,ReFa FINE BUBBLE U+,https://review.rakuten.co.jp/item/1/262320_10002177?sort=6&page=1#itemReviewList,2026/06/05,5,2026/03/18,母にプレゼントで購入しました。喜んでくれました。,サキサラママさん 女性 30代
2026/06/06,楽天,シャワー,ReFa FINE BUBBLE U+,https://review.rakuten.co.jp/item/1/262320_10002177?sort=6&page=1#itemReviewList,2026/06/05,5,2026/05/25,買い換え購入です。前回は切替ボタンが壊れたので今回のスライド式に期待しています。,購入者さん 商品とは別話ですが、注文完了のお知らせと友だち登録を求めたLINEが来たのに驚きました。 自分用|実用品・普段使い
2026/06/07,楽天,シャワー,ReFa FINE BUBBLE U+,https://review.rakuten.co.jp/item/1/262320_10002177?sort=6&page=1#itemReviewList,2026/06/07,5,2026/05/23,前のモデルを使用しており、転居を機に新しくしました。夏はミストが心地よいです。,購入者さん
2026/06/08,楽天,シャワー,ReFa FINE BUBBLE U+,https://review.rakuten.co.jp/item/1/262320_10002177?sort=6&page=1#itemReviewList,2026/06/07,5,2026/06/05,色々調べて購入させていただきました!,購入者さん 洗顔後の肌状態が、すごく綺麗になったような気がして満足です!
2026/06/08,楽天,シャワー,ReFa FINE BUBBLE U+,https://review.rakuten.co.jp/item/1/262320_10002177?sort=6&page=1#itemReviewList,2026/06/07,5,2026/03/31,長年、顔の角栓と背中ニキビに悩んできましたが、ウソみたいに解消されました。ミストが最高です。ポイントジェットは頭皮の臭い解消に抜群です。,ハナ0345さん 女性 40代
2026/06/08,楽天,シャワー,ReFa FINE BUBBLE U+,https://review.rakuten.co.jp/item/1/262320_10002177?sort=6&page=1#itemReviewList,2026/06/07,5,2026/05/25,髪サラサラ。発送も早く良い。買ってよかった。,やんやん9486さん 女性 40代
2026/06/09,楽天,シャワー,ReFa FINE BUBBLE U+,https://review.rakuten.co.jp/item/1/262320_10002177?sort=6&page=1#itemReviewList,2026/06/08,5,2026/06/06,ファインバブルSからの買い替えです。止水ボタン便利です。水の当たりが柔らかく、肌により優しく感じます。,s502komamさん 女性 50代
2026/06/09,楽天,シャワー,ReFa FINE BUBBLE U+,https://review.rakuten.co.jp/item/1/262320_10002177?sort=6&page=1#itemReviewList,2026/06/08,5,2026/06/06,ファインバブルSからの買い替えです。止水ポタン便利です。水の当たりが柔らかく、肌により優しく感じます。,s502komamさん 女性 50代
2026/06/08,楽天,シャワー,ReFa FINE BUBBLE U+,https://review.rakuten.co.jp/item/1/262320_10002177?sort=6&page=1#itemReviewList,2026/06/08,5,2026/03/08,欠かせないもの。,鎌倉のことりさん 女性 40代 本当に素晴らしいシャワーヘッドです。 特にミストシャワーがすきです。 いつも仕上げにミストシャワーを全身に浴びていますが。 心地よくてとまらいない。 よし、きょうはここまでにしよう。 と、意識して終わらせています。 そのくらい特別なふろタイムになりました。 本当にしあわせです。本当にありがとうございます。 シャワーが気持ちよくて、浴槽に湯船をはって、 なかなか入らなくなってしまった。 どうしよう、と思うのですが、 そのくらいこのシャワーでリセットしてくれます。
2026/06/11,楽天,シャワー,ReFa FINE BUBBLE U+,https://review.rakuten.co.jp/item/1/262320_10002177?sort=6&page=1#itemReviewList,2026/06/10,5,2026/06/05,プレゼント用に購入しました。クーポンも付いててお得でした!ミストが気持ちいいです。,購入者さん
2026/06/11,楽天,シャワー,ReFa FINE BUBBLE U+,https://review.rakuten.co.jp/item/1/262320_10002177?sort=6&page=1#itemReviewList,2026/06/10,5,2026/06/05,ミラブルと比べて,みぃこ1201さん 女性 50代 今まで「ミラブルのウルトラファインバブル(初期のころの)」を使っていて 壊れたので、リファのシャワーヘッドに買い換えました。 比べてみると、 水圧・・・ミラブルのほうが断然強かった ミスト・・・リファのほうが幅広くミストがひろがり気持ちがよかった 操作性・・・ミラブルはヘッドを左右に回しリファはレバーですが、どちらも大差なし。 種類・・・ミラブルはストレートとミストのみ。リファは4種類あって楽しめます。 リファはみなさん、水圧が弱いという方がレビューで多く見かけますが、 私としてはストレートとジェットの間にしたときに強い水圧になって気持ちがいいです。 ジェットだけだと結構強いので間にしたときほんとに頭皮も気持ちがよく 歯のジェットウォッシャーみたいに使えてたのしいです。 購入してよかった。
2026/06/10,楽天,シャワー,ReFa FINE BUBBLE U+,https://review.rakuten.co.jp/item/1/262320_10002177?sort=6&page=1#itemReviewList,2026/06/10,3,2026/06/05,思い切って買いました,チャオ0122さん 女性 50代 使用して2日ですが、まだ効果は分かりません これから楽しみです ヘッドの大きさが確かに手の小さな女性には、大きいカモしれません ミストはとても気持ちいいです。ただ、顔から話しすぎると温度が下がります 水圧も決して強くはありませんが、困る程ではありません 家族へ|実用品・普段使い|はじめて
2026/06/11,楽天,シャワー,ReFa FINE BUBBLE U+,https://review.rakuten.co.jp/item/1/262320_10002177?sort=6&page=1#itemReviewList,2026/06/10,4,2026/06/03,気持ちいい,購入者さん 旅先の宿でミストで出てくるシャワーを初めて使って欲しくなり購入しました。交換は簡単にできて、毎回クレンジングはミストで洗い流しています。あまり実感はありませんが、普段私残しているものが洗い流されていたらいいなぁと願います。シャンプー後にミストをするとキシっとなるのでよく汚れが落ちているのかな?と思います。 自分用|実用品・普段使い|はじめて
2026/06/12,楽天,シャワー,ReFa FINE BUBBLE U+,https://review.rakuten.co.jp/item/1/262320_10002177?sort=6&page=1#itemReviewList,2026/06/11,5,2026/06/05,髪の毛の洗いあがりは特にきにならなかったのですが、ドライヤー後に鏡を見たら落ち着いてさらっとしていました。,ミーちゃんばば6761さん 女性 60代 以前より気になっていたので自分へのご褒美に購入しました。有名ホテルでの使用で良いのはわかっていましたが、ミストでの洗顔後の洗いあがり、オールインワンクリームの入りかた、思っていた以上にすごく実感してます。 以前のシャワーヘットも慣れてくると実感が薄れてきてましたが、こちらは長続きしてくれるのを期待します。 自分用|実用品・普段使い|はじめて
2026/06/12,楽天,シャワー,ReFa FINE BUBBLE U+,https://review.rakuten.co.jp/item/1/262320_10002177?sort=6&page=1#itemReviewList,2026/06/12,5,2026/06/05,ずっと欲しかったこちらの商品をついに購入??,購入者さん やっぱり早く買えば良かったーと後悔するくらいまだ使い始めたばかりなのにお肌の調子が良いです。 お手入れ方法何も変えてないのにツルツル肌になってきてお手入れの度に嬉しくなります。
2026/06/13,楽天,シャワー,ReFa FINE BUBBLE U+,https://review.rakuten.co.jp/item/1/262320_10002177?sort=6&page=1#itemReviewList,2026/06/12,5,2026/06/04,注文から発送までスムーズでした。,購入者さん ミスト機能が子どもたちに大好評で、楽しいお風呂時間になりました! 夫は、水圧が弱くなった点が気になってます。
2026/06/13,楽天,シャワー,ReFa FINE BUBBLE U+,https://review.rakuten.co.jp/item/1/262320_10002177?sort=6&page=1#itemReviewList,2026/06/12,5,2026/06/04,自分用|実用品・普段使い|はじめて,neco86さん 女性 40代 色々なシャワーヘッドを使ってきましたが、やっぱりリファが気になるので思い切って購入しました。結果、購入してよかったです。浴室の存在感たるや、とてもテンション上がります。水温が下がるかなと思っていましが全然そんなこともなく、温度はばっちりです。いろんなモードもありますし、とても楽しいです。シャワーヘッドを購入するなら止水付がよかったので、リファでも止水付がでてよかったです。今までは出しっぱなしでしたが、節水にもつながると思います。
2026/06/14,楽天,シャワー,ReFa FINE BUBBLE U+,https://review.rakuten.co.jp/item/1/262320_10002177?sort=6&page=1#itemReviewList,2026/06/13,3,2026/05/04,あと、止水ボタンの位置がちょうど手に触れるところにあるので、ついつい触れてしまいプチストレス。,購入者さん ミストは気持ちがいいけど温度が下がるので、設定を3度程上げて使っています。今の季節でこんな感じなので一年中シャワー派の私には冬は使えないと思うし、ガス代の請求が怖いわ~
2026/06/14,楽天,シャワー,ReFa FINE BUBBLE U+,https://review.rakuten.co.jp/item/1/262320_10002177?sort=6&page=1#itemReviewList,2026/06/13,5,2026/06/09,子どもウケ良し,購入者さん 子どもが大喜びです。ミストが楽しいようで。
2026/06/13,楽天,シャワー,ReFa FINE BUBBLE U+,https://review.rakuten.co.jp/item/1/262320_10002177?sort=6&page=1#itemReviewList,2026/06/13,3,2026/06/04,家のには交換できないと諦めてたのですが、ホースごと交換すればできるとのことで思い切って購入。,購入者さん シャワーヘッドが大きくなったので、今までのヘッドを保持する場所に置いても回ってしまってしっかり固定できないのが残念。 今は家族もミストを楽しんでますが。 家族へ|実用品・普段使い|はじめて
2026/06/13,楽天,シャワー,ReFa FINE BUBBLE U+,https://review.rakuten.co.jp/item/1/262320_10002177?sort=6&page=1#itemReviewList,2026/06/13,5,2026/06/10,止水スイッチとても便利で大満足です?ミストモードが気持ちいいです。,購入者さん
2026/06/13,楽天,シャワー,ReFa FINE BUBBLE U+,https://review.rakuten.co.jp/item/1/262320_10002177?sort=6&page=1#itemReviewList,2026/06/13,4,2026/06/05,美容と節水,購入者さん 美容効果と節水効果に期待して購入しました。 美容効果については、まだはっきりとは感じていませんが、ジェットで髪の毛の予洗いをするようにしてから、シャンプーの泡立ちが良くなったと思っています。また髪はピュアストレートで流していますが、髪の広がりがなくなったように感じます。顔はミストを使っていますが、手で掬って洗っていた時より少し楽ですが、肌の変化は感じません。 節水効果はまだわかりませんが、過去のデータが、揃ったら確認します。 止水ボタンはあるとこまめにコントロールできるので便利ですが、お風呂を上がる時は通水状態にしないといけないので、我が家の使用状況によってはあってもなくてもそんなに変わらない気がしています。 ある程度の期待効果が確認できているので評価していますが、節水と耐久性を確認できていないのでまずは星4としておきます。節水効果で元を取れることを期待しています。 家族へ|実用品・普段使い|はじめて
2026/06/14,楽天,シャワー,ReFa FINE BUBBLE U+,https://review.rakuten.co.jp/item/1/262320_10002177?sort=6&page=1#itemReviewList,2026/06/14,5,2026/06/08,GOOD,しんちゃん0443さん 男性 50代 若干重さを感じますが、いろいろなモードがあり、使いやすいです。 家族へ|実用品・普段使い|はじめて
2026/06/14,楽天,シャワー,ReFa FINE BUBBLE U+,https://review.rakuten.co.jp/item/1/262320_10002177?sort=6&page=1#itemReviewList,2026/06/14,4,2026/06/04,ミストで顔を洗うと、とても気持ちがいい。髪もしっかり洗えるようになった気がします。,AI1090さん 女性 50代
2026/06/14,楽天,シャワー,ReFa FINE BUBBLE U+,https://review.rakuten.co.jp/item/1/262320_10002177?sort=6&page=1#itemReviewList,2026/06/14,5,2026/06/10,水圧とヘッドの重さに不安がありましたが、思い切って購入しました。結果、個人的にはとても満足しています!,購入者さん 元のシャワーヘッドがそれなりに大きく、水圧も普通でしたので、すぐに慣れました。ミストが本当に気持ちいいです。
2026/04/01,Yahoo,シャワー,ReFa FINE BUBBLE U+,https://shopping.yahoo.co.jp/review/item/list?store_id=mtgec&page_key=1579320109&sc_i=shopping-pc-web-list-ranking-crk01_01-rvw&sort=-latest&page=6,2026/03/17,5,,前から欲しいと思っていたReFaのシャ...,前から欲しいと思っていたReFaのシャワーヘッド。 ポイント等を使ってお店で買うより安く買えて満足です。
2026/04/01,Yahoo,シャワー,ReFa FINE BUBBLE U+,https://shopping.yahoo.co.jp/review/item/list?store_id=mtgec&page_key=1579320109&sc_i=shopping-pc-web-list-ranking-crk01_01-rvw&sort=-latest&page=1,2026/03/18,5,,息子の誕生日プレゼントにしましたとても...,息子の誕生日プレゼントにしました とても喜んでいました😊
2026/04/01,Yahoo,シャワー,ReFa FINE BUBBLE U+,https://shopping.yahoo.co.jp/review/item/list?store_id=mtgec&page_key=1579320109&sc_i=shopping-pc-web-list-ranking-crk01_01-rvw&sort=-latest&page=1,2026/03/20,5,,肌の調子が良くなりました。大切に使い続...,肌の調子が良くなりました。 大切に使い続けたいです。
2026/04/01,Yahoo,シャワー,ReFa FINE BUBBLE U+,https://shopping.yahoo.co.jp/review/item/list?store_id=mtgec&page_key=1579320109&sc_i=shopping-pc-web-list-ranking-crk01_01-rvw&sort=-latest&page=1,2026/03/20,5,,髪の毛さらさら顔つるつる,主に妻用に購入。旧モデルを使用していましたが、少し水漏れすることと手元に止水ボタンが欲しくて買い替えました。旧モデルもマイクロバブルは発生したと思いますが...新モデルを使ってビックリ!!️髪の毛がしっとりサラサラに❗️毛先にはまだまだ効果ないですが。顔にもしっかり浸透しているようで、高価ですが満足しました。
2026/04/01,Yahoo,シャワー,ReFa FINE BUBBLE U+,https://shopping.yahoo.co.jp/review/item/list?store_id=mtgec&page_key=1579320109&sc_i=shopping-pc-web-list-ranking-crk01_01-rvw&sort=-latest&page=1,2026/03/21,5,,いろいろなシャワーヘッドがあるなかで、...,いろいろなシャワーヘッドがあるなかで、やはり1番メジャーなリファが安心かなと思い購入しました。 切り替えも沢山あり、止水ボタンもあり、まだ少ししか使っていませんが良さそうです。
2026/04/01,Yahoo,シャワー,ReFa FINE BUBBLE U+,https://shopping.yahoo.co.jp/review/item/list?store_id=mtgec&page_key=1579320109&sc_i=shopping-pc-web-list-ranking-crk01_01-rvw&sort=-latest&page=1,2026/03/22,5,,いいよいいよ,家族で毎日使ってます。肌がスベスベになりました。買って良かったです!
2026/04/01,Yahoo,シャワー,ReFa FINE BUBBLE U+,https://shopping.yahoo.co.jp/review/item/list?store_id=mtgec&page_key=1579320109&sc_i=shopping-pc-web-list-ranking-crk01_01-rvw&sort=-latest&page=1,2026/03/22,5,,お肌スベスベになるのかな,家族皆が気に入って使っています。これを使い出してから乾燥肌が改善したと家族は言っております。 使い続けてどんな感じなるか見ていきたいですね。止水がついているのは手元で操作できるので楽ですね
2026/04/01,Yahoo,シャワー,ReFa FINE BUBBLE U+,https://shopping.yahoo.co.jp/review/item/list?store_id=mtgec&page_key=1579320109&sc_i=shopping-pc-web-list-ranking-crk01_01-rvw&sort=-latest&page=1,2026/03/22,5,,ずっと欲しく、今回ポイント還元もあり思...,ずっと欲しく、今回ポイント還元もあり思い切って購入しました。いろいろなパターンがあり、使い分けしています。節水効果はあると思います。
2026/04/01,Yahoo,シャワー,ReFa FINE BUBBLE U+,https://shopping.yahoo.co.jp/review/item/list?store_id=mtgec&page_key=1579320109&sc_i=shopping-pc-web-list-ranking-crk01_01-rvw&sort=-latest&page=1,2026/03/22,5,,ヘッドが外れるか確認しよう,シャワーヘッドの交換ぐらい簡単にできると思ったら大間違いでした!せっかくリファが届いたのにカチカチに固まって外れない!慌てて外し方を調べて格闘し、なんとか自力で交換できました。購入する前に、シャワーヘッドが外れるかを確認しておくと良いと思います。 旅行に行く代わりに家の環境を良くしようと、購入を決めました。今までシャワーをあまり使ってなかったけど、リファで浴びてみたらお湯の肌触りが全然違う!なめらかで柔らかい感じがして、すごく心地良かったです。毎日浴びるのが楽しみになりました。1番安価なものを選びましたが、私はこれで満足です。QOLが1段上がった気がします!
2026/04/01,Yahoo,シャワー,ReFa FINE BUBBLE U+,https://shopping.yahoo.co.jp/review/item/list?store_id=mtgec&page_key=1579320109&sc_i=shopping-pc-web-list-ranking-crk01_01-rvw&sort=-latest&page=1,2026/03/23,5,,ありがとうございます。,使いやすいからだいすきです。ありがとうございました。ありがとうございます。ありがとうございました。ありがとうございます。
2026/04/01,Yahoo,シャワー,ReFa FINE BUBBLE U+,https://shopping.yahoo.co.jp/review/item/list?store_id=mtgec&page_key=1579320109&sc_i=shopping-pc-web-list-ranking-crk01_01-rvw&sort=-latest&page=1,2026/03/24,5,,リファファインバブル,本日届きました! さっそく取り替えて使ってみます!
2026/04/01,Yahoo,シャワー,ReFa FINE BUBBLE U+,https://shopping.yahoo.co.jp/review/item/list?store_id=mtgec&page_key=1579320109&sc_i=shopping-pc-web-list-ranking-crk01_01-rvw&sort=-latest&page=1,2026/03/25,5,,とても良い製品,前から気になってたシャワーヘッド購入しました。止水ありとなしで迷いましたが、止水ありにして良かったです。自宅のシャワーに取り付けられるか不安でしたが、無事に使えました。水圧やや弱く感じましたが、皆様が言う通り慣れれば問題なしです。
2026/04/01,Yahoo,シャワー,ReFa FINE BUBBLE U+,https://shopping.yahoo.co.jp/review/item/list?store_id=mtgec&page_key=1579320109&sc_i=shopping-pc-web-list-ranking-crk01_01-rvw&sort=-latest&page=1,2026/03/26,5,,リファシリーズはどれも素晴らしいです,非常に良い品です。 水圧高め、きめ細かい水、重さも適当
2026/04/01,Yahoo,シャワー,ReFa FINE BUBBLE U+,https://shopping.yahoo.co.jp/review/item/list?store_id=mtgec&page_key=1579320109&sc_i=shopping-pc-web-list-ranking-crk01_01-rvw&sort=-latest&page=1,2026/03/27,5,,とても良い商品と思います。,前から気になっていたリファのシャワーヘッドです。色合いも既存のホースとよくあっており大満足でした。取り付けもLIXILから交換でしたがHPに交換可否も説明されておりわかりやすかったです。
2026/04/01,Yahoo,シャワー,ReFa FINE BUBBLE U+,https://shopping.yahoo.co.jp/review/item/list?store_id=mtgec&page_key=1579320109&sc_i=shopping-pc-web-list-ranking-crk01_01-rvw&sort=-latest&page=1,2026/03/28,4,,まだ使用していませんがリファには止水栓...,まだ使用していませんが リファには止水栓がないと思ってミラブルと悩んでいましたが、コレは止水栓何付いていたので購入しました。
2026/04/01,Yahoo,シャワー,ReFa FINE BUBBLE U+,https://shopping.yahoo.co.jp/review/item/list?store_id=mtgec&page_key=1579320109&sc_i=shopping-pc-web-list-ranking-crk01_01-rvw&sort=-latest&page=1,2026/03/28,4,,息子夫婦の新築祝いの一つとして購入。ま...,息子夫婦の新築祝いの一つとして購入。まだ使っていないので期待値をこめて星4つとしました。使い勝手がよかったら我が家にも購入しようかなと思っています。
2026/04/01,Yahoo,シャワー,ReFa FINE BUBBLE U+,https://shopping.yahoo.co.jp/review/item/list?store_id=mtgec&page_key=1579320109&sc_i=shopping-pc-web-list-ranking-crk01_01-rvw&sort=-latest&page=1,2026/03/29,1,,ストレートモードの水圧が弱すぎるほぼピ...,ストレートモードの水圧が弱すぎる ほぼピュアストレートで使ってますが肌は普通に乾燥する これの前に買った3000円くらいで買ったものの方が肌が潤う気がする より良いものが欲しくなりこちらを購入しましたがうーんという感じ
2026/04/01,Yahoo,シャワー,ReFa FINE BUBBLE U+,https://shopping.yahoo.co.jp/review/item/list?store_id=mtgec&page_key=1579320109&sc_i=shopping-pc-web-list-ranking-crk01_01-rvw&sort=-latest&page=1,2026/03/30,5,,✨髪の毛がサラサラ✨になります🫰,😅値段は高かったけど💦高いだけはあるなっと思う👍髪の毛も✨サラサラになり😌シャワー🚿が楽しみになりました❗️是非、特に女性にはおすすめだと思います!!️🤗
2026/04/01,Yahoo,シャワー,ReFa FINE BUBBLE U+,https://shopping.yahoo.co.jp/review/item/list?store_id=mtgec&page_key=1579320109&sc_i=shopping-pc-web-list-ranking-crk01_01-rvw&sort=-latest&page=1,2026/03/31,5,,シャワータイムが楽しみに,温泉で使ってみてとても良かったので購入しました。止水ボタンもついているので便利です 特にミストがとても気持ちよく、肌や頭皮にも良さそうです
2026/04/01,Yahoo,シャワー,ReFa FINE BUBBLE U+,https://shopping.yahoo.co.jp/review/item/list?store_id=mtgec&page_key=1579320109&sc_i=shopping-pc-web-list-ranking-crk01_01-rvw&sort=-latest&page=1,2026/03/31,5,,ミストが気持ちいい!,ミストが思っていたより良かった!泡とかもしっかり流せます。なんとなく、お肌がツルツルになったような。まだ使い始めたばかりですが、子どもの乾燥肌が改善するといいな。
2026/04/01,Yahoo,シャワー,ReFa FINE BUBBLE U+,https://shopping.yahoo.co.jp/review/item/list?store_id=mtgec&page_key=1579320109&sc_i=shopping-pc-web-list-ranking-crk01_01-rvw&sort=-latest&page=1,2026/04/01,5,,節水ですが、水量は少なくなる,購入前に使ったことがあるので僕は問題なかったです。しかし人によっては水圧と水量が弱くなるので注意が必要です。節水なので交換して良かったです。
2026/04/05,Yahoo,シャワー,ReFa FINE BUBBLE U+,https://shopping.yahoo.co.jp/review/item/list?store_id=mtgec&page_key=1579320109&sc_i=shopping-pc-web-list-ranking-crk01_01-rvw&sort=-latest&page=1,2026/04/04,5,,妻にプレゼントしたら喜んでくれました。...,妻にプレゼントしたら喜んでくれました。少し水圧弱めには感じますが、ミスト上のシャワーはかなり気持ちが良いそう。
2026/04/05,Yahoo,シャワー,ReFa FINE BUBBLE U+,https://shopping.yahoo.co.jp/review/item/list?store_id=mtgec&page_key=1579320109&sc_i=shopping-pc-web-list-ranking-crk01_01-rvw&sort=-latest&page=1,2026/04/05,5,,まず一番気に入っているのはデザイン。高...,まず一番気に入っているのはデザイン。高級感があって、浴室に置くだけでちょっとテンション上がります。見た目重視で選んだ部分も正直あるけど、実物は想像以上に質感がよくて満足度は高いです。 使い心地についてもかなり良くて、水の当たり方がやわらかくて気持ちいい。ミストっぽい細かい水流が肌に優しく当たる感じで、普通のシャワーとは明らかに違います。特に顔に当てるとリラックス感があって、ちょっとした美容ケア感覚で使えるのもポイント高いです。 ただ、水圧は少し弱くなるので高圧力を求めている方は少し物足りないかもしれません。
2026/04/05,Yahoo,シャワー,ReFa FINE BUBBLE U+,https://shopping.yahoo.co.jp/review/item/list?store_id=mtgec&page_key=1579320109&sc_i=shopping-pc-web-list-ranking-crk01_01-rvw&sort=-latest&page=1,2026/04/05,5,,シャワーヘッドの水漏れがひどくなったの...,シャワーヘッドの水漏れがひどくなったので購入。 節水にも効果がありそう。
2026/04/07,Yahoo,シャワー,ReFa FINE BUBBLE U+,https://shopping.yahoo.co.jp/review/item/list?store_id=mtgec&page_key=1579320109&sc_i=shopping-pc-web-list-ranking-crk01_01-rvw&sort=-latest&page=1,2026/04/06,5,,水圧が弱いと口コミを見ましたが、確かに...,水圧が弱いと口コミを見ましたが、確かに弱めではあります。 でも強いより肌には良さそうなので、よほどつよめの水圧がお好きな方でない限りはストレスなく使えると思います。 止水機能は迷いましたが、付けて大正解でした。
2026/04/09,Yahoo,シャワー,ReFa FINE BUBBLE U+,https://shopping.yahoo.co.jp/review/item/list?store_id=mtgec&page_key=1579320109&sc_i=shopping-pc-web-list-ranking-crk01_01-rvw&sort=-latest&page=1,2026/04/08,5,,慣れれば大きなも気にならない,息子の誕生日プレゼントで購入しました。レビューの通り、初めは大きさと重さに驚きましたが、使って行くうちに慣れて来ました。商品としては申し分ないです。
2026/04/09,Yahoo,シャワー,ReFa FINE BUBBLE U+,https://shopping.yahoo.co.jp/review/item/list?store_id=mtgec&page_key=1579320109&sc_i=shopping-pc-web-list-ranking-crk01_01-rvw&sort=-latest&page=1,2026/04/08,4,,水圧がしっかりありながらも肌あたりが柔...,水圧がしっかりありながらも肌あたりが柔らかく、とても使い心地が良いです。止水機能も便利で、シャワーの出しっぱなしが減り節水にもつながっています。使い始めてから肌や髪の乾燥が少し気になりにくくなった印象です。
2026/04/09,Yahoo,シャワー,ReFa FINE BUBBLE U+,https://shopping.yahoo.co.jp/review/item/list?store_id=mtgec&page_key=1579320109&sc_i=shopping-pc-web-list-ranking-crk01_01-rvw&sort=-latest&page=1,2026/04/09,5,,使用が楽しみです,以前使用していたシャワーヘッドを引っ越し前の所に置いてきてしまったので、こちらの商品を購入するのはお値段が高くて随分悩みましたが、新しい商品には入り切りスイッチが付いてありましたので思いきって購入しました。大切にしたいと思っています。 使用感は後ほど。
2026/04/12,Yahoo,シャワー,ReFa FINE BUBBLE U+,https://shopping.yahoo.co.jp/review/item/list?store_id=mtgec&page_key=1579320109&sc_i=shopping-pc-web-list-ranking-crk01_01-rvw&sort=-latest&page=1,2026/04/11,5,,ここで買うのが1番ポイントつくのでおす...,ここで買うのが1番ポイントつくのでおすすめです。止水ボタンは重要なのでこのモデルが良き
2026/04/11,Yahoo,シャワー,ReFa FINE BUBBLE U+,https://shopping.yahoo.co.jp/review/item/list?store_id=mtgec&page_key=1579320109&sc_i=shopping-pc-web-list-ranking-crk01_01-rvw&sort=-latest&page=1,2026/04/11,1,,シャワーの圧と温度に大変不満,嫁の要望でLIXIL(リクシル) INAX の通常のシャワーヘッドからの交換で、こちらの商品を購入し使用していますが、ヘッドも大きくて重く、シャワーヘッドホルダーとの相性も悪く、しっかり固定がされないためぐらぐらの状態で使用しています。1番気に入らないのは元々のシャワーに比べ、シャワーの圧が極端に弱くなり、洗髪する際の爽快感や時間を要するようになったこと、またこちらのシャワーヘッドですと、なぜかお湯の温度がかなり下がるため、冬はシャワーの温度設定をかなり上げないと、シャワー中寒くて仕方なく、これまでのシャワーヘッドと比べ、必要以上に温度を上がる分、不経済となります。それなりのお値段でむしろ不自由になっており、正直元のシャワーヘッドに戻したいです。特に男性は通常のシャワー機能しか利用しない方も多いかと思いますので、購入される際にはより慎重に検討をされることをオススメします。
2026/04/13,Yahoo,シャワー,ReFa FINE BUBBLE U+,https://shopping.yahoo.co.jp/review/item/list?store_id=mtgec&page_key=1579320109&sc_i=shopping-pc-web-list-ranking-crk01_01-rvw&sort=-latest&page=1,2026/04/13,5,,いつもありがとうございます。価格も安く...,いつもありがとうございます。 価格も安く良い商品です。 またの機会も宜しくお願い致します。 おすすめしたい商品です。
2026/04/15,Yahoo,シャワー,ReFa FINE BUBBLE U+,https://shopping.yahoo.co.jp/review/item/list?store_id=mtgec&page_key=1579320109&sc_i=shopping-pc-web-list-ranking-crk01_01-rvw&sort=-latest&page=1,2026/04/14,5,,シャワーヘッドを初めて交換しましたが、...,シャワーヘッドを初めて交換しましたが、家族からも非常に好評で買って良かったなと思いました!!
2026/04/14,Yahoo,シャワー,ReFa FINE BUBBLE U+,https://shopping.yahoo.co.jp/review/item/list?store_id=mtgec&page_key=1579320109&sc_i=shopping-pc-web-list-ranking-crk01_01-rvw&sort=-latest&page=1,2026/04/14,5,,シャワー圧はギリギリ満足!,奥さんと娘のために購入しましたが、私自身も毎日愛用しています。ミストで顔の脂も結構キレに落ちます。 気になるシャワーの圧は、シャワー圧に特化したシャワーヘッドには劣るものの、ギリギリ満足できるレベルです。
2026/04/14,Yahoo,シャワー,ReFa FINE BUBBLE U+,https://shopping.yahoo.co.jp/review/item/list?store_id=mtgec&page_key=1579320109&sc_i=shopping-pc-web-list-ranking-crk01_01-rvw&sort=-latest&page=1,2026/04/14,5,,ジェット、ミストが気持ちいい,頭皮へのジェット、全身のミストいずれも心地よいです。ホースへの取り付けも簡単で、使用上問題ありません。
2026/04/15,Yahoo,シャワー,ReFa FINE BUBBLE U+,https://shopping.yahoo.co.jp/review/item/list?store_id=mtgec&page_key=1579320109&sc_i=shopping-pc-web-list-ranking-crk01_01-rvw&sort=-latest&page=1,2026/04/14,4,,止水タイプを購入しました,止水タイプを購入しましたが、手元で簡単に操作ができるため非常に使いやすく、日々の使用にとても満足しています。特に、シャワー後の髪が以前よりもしなやかにまとまるようになり、その効果を実感できている点が気に入っています。 一方で、最初はヘッド部分がやや大きく感じられ、少し扱いづらい印象もありましたが、使い続けるうちに自然と慣れ、現在では特に違和感なく快適に使用できています。全体として、機能性・使い心地ともに満足度の高い商品だと感じています。
2026/04/15,Yahoo,シャワー,ReFa FINE BUBBLE U+,https://shopping.yahoo.co.jp/review/item/list?store_id=mtgec&page_key=1579320109&sc_i=shopping-pc-web-list-ranking-crk01_01-rvw&sort=-latest&page=1,2026/04/15,4,,ミストが気持ちいい!,アラミックのシャワーヘッドからの交換。 水圧が心配でしたが、リファの方が強かったです。 ミストもとても気持ちよく、シャンプーの泡立ちも良くなったと思います。 子供の肌荒れが良くならないかと購入したので これから変化を見ていきたいと思います。
2026/04/17,Yahoo,シャワー,ReFa FINE BUBBLE U+,https://shopping.yahoo.co.jp/review/item/list?store_id=mtgec&page_key=1579320109&sc_i=shopping-pc-web-list-ranking-crk01_01-rvw&sort=-latest&page=1,2026/04/16,5,,なんか肌が良い,特に水圧不足は感じません。ミストの肌当たりが良いので痛めないと思います。手に当てた感じでなんか肌がいつもと違うように思えて、期待してます。
2026/04/17,Yahoo,シャワー,ReFa FINE BUBBLE U+,https://shopping.yahoo.co.jp/review/item/list?store_id=mtgec&page_key=1579320109&sc_i=shopping-pc-web-list-ranking-crk01_01-rvw&sort=-latest&page=1,2026/04/16,5,,ウルトラファインバブルがとても気持ち良...,ウルトラファインバブルがとても気持ち良いです!
2026/04/20,Yahoo,シャワー,ReFa FINE BUBBLE U+,https://shopping.yahoo.co.jp/review/item/list?store_id=mtgec&page_key=1579320109&sc_i=shopping-pc-web-list-ranking-crk01_01-rvw&sort=-latest&page=1,2026/04/19,5,,効果としては4つのどのモードも使いやす...,効果としては4つのどのモードも使いやすい切り替えもスムーズです。 ジェットモードは洗髪時に大活躍。頭皮の臭いが激減です。 ミストモードは本当に油性ペンが消えるし、足も水洗いなのに臭わなくなったし、しっとりするし、もう本当に感動しました。 マイクロバブルってすごいですね。もっと早く買えば良かったです。 取り付けはとても簡単で、シルバーの見た目もかっこいいです。
2026/04/20,Yahoo,シャワー,ReFa FINE BUBBLE U+,https://shopping.yahoo.co.jp/review/item/list?store_id=mtgec&page_key=1579320109&sc_i=shopping-pc-web-list-ranking-crk01_01-rvw&sort=-latest&page=1,2026/04/19,5,,最高の美容アイテム!,これ、最高に気持ちいいシャワーベッド!です。 沢山シャワーベッド交換してきましたけどやっと出会えた! 洗いスッキリ、肌のベタつきがなくサッパリ!、お風呂上がり後化粧水が染み込んでいきます。寝起きも保湿が続いてます。 使えば使うほど肌質が良くなっている感じがたまらない。おすすめ商品です。 最高すぎて2台買い!1台は実家の母にプレゼント🎁しました!
2026/04/20,Yahoo,シャワー,ReFa FINE BUBBLE U+,https://shopping.yahoo.co.jp/review/item/list?store_id=mtgec&page_key=1579320109&sc_i=shopping-pc-web-list-ranking-crk01_01-rvw&sort=-latest&page=1,2026/04/19,5,,止水機能が付いているリファが欲しくて購...,止水機能が付いているリファが欲しくて購入しました。 重さは気になりません。止水機能も申し分ありません。 使い勝手はとても心地がいいです。 シャワーの水圧も強〜弱の4段階あるので、使う箇所によってサクッと変更しています。 ちなみにお風呂場の掃除をする際も水圧強めのモードだと汚れが落ちて良いです!
2026/04/20,Yahoo,シャワー,ReFa FINE BUBBLE U+,https://shopping.yahoo.co.jp/review/item/list?store_id=mtgec&page_key=1579320109&sc_i=shopping-pc-web-list-ranking-crk01_01-rvw&sort=-latest&page=1,2026/04/20,5,,お気に入り,ほんとに買って良かったです。ずっと気になっていて、ポイントなど安く買えるタイミングで購入しました。肌が柔らかくなる気がします!
2026/04/21,Yahoo,シャワー,ReFa FINE BUBBLE U+,https://shopping.yahoo.co.jp/review/item/list?store_id=mtgec&page_key=1579320109&sc_i=shopping-pc-web-list-ranking-crk01_01-rvw&sort=-latest&page=1,2026/04/20,5,,とても喜んでもらえた,プレゼントに購入しましたが、とても喜んでもらえました! 使ったことがないので、使用感はわかりません。
2026/04/22,Yahoo,シャワー,ReFa FINE BUBBLE U+,https://shopping.yahoo.co.jp/review/item/list?store_id=mtgec&page_key=1579320109&sc_i=shopping-pc-web-list-ranking-crk01_01-rvw&sort=-latest&page=1,2026/04/21,5,,子供が気に入った,節水シャワーヘッドは他の製品を使っていましたが、水圧が弱かったので、買い替え。 止水ボタン次のものが出たので、リファにしました。 水圧もあがり、ミストも広く広がるので気持ちいいです。子供も気に入って毎日ミストを浴びています。ミストが冷たくないか気になっていましたが、近づければ問題ありませんでした。夏は離して浴びれば涼しそうです。
2026/04/23,Yahoo,シャワー,ReFa FINE BUBBLE U+,https://shopping.yahoo.co.jp/review/item/list?store_id=mtgec&page_key=1579320109&sc_i=shopping-pc-web-list-ranking-crk01_01-rvw&sort=-latest&page=1,2026/04/23,5,,リファのファインバブルの初期くらいの物...,リファのファインバブルの初期くらいの物をもう長く使っていたので、今回止水タイプが出たので購入しました とても快適♪
2026/04/25,Yahoo,シャワー,ReFa FINE BUBBLE U+,https://shopping.yahoo.co.jp/review/item/list?store_id=mtgec&page_key=1579320109&sc_i=shopping-pc-web-list-ranking-crk01_01-rvw&sort=-latest&page=1,2026/04/25,5,,お風呂が楽しくなりました!梱包も丁寧で...,お風呂が楽しくなりました! 梱包も丁寧でとても満足しています。
2026/04/25,Yahoo,シャワー,ReFa FINE BUBBLE U+,https://shopping.yahoo.co.jp/review/item/list?store_id=mtgec&page_key=1579320109&sc_i=shopping-pc-web-list-ranking-crk01_01-rvw&sort=-latest&page=1,2026/04/25,4,,止水ボタンが良い,止水ボタンがかなり良い。コレでシャワーの出しっぱなしを防げると思う。
2026/04/27,Yahoo,シャワー,ReFa FINE BUBBLE U+,https://shopping.yahoo.co.jp/review/item/list?store_id=mtgec&page_key=1579320109&sc_i=shopping-pc-web-list-ranking-crk01_01-rvw&sort=-latest&page=1,2026/04/26,5,,思っていたよりとっても軽くて水圧も程よ...,思っていたよりとっても軽くて水圧も程よくありなかなか良い感じですがシャワーを止めてからの水のポタポタたれるのでとっても気になってますがこれから使ううちに気にならんのかな?って思ってます。それ以外は良い感じです。
2026/04/26,Yahoo,シャワー,ReFa FINE BUBBLE U+,https://shopping.yahoo.co.jp/review/item/list?store_id=mtgec&page_key=1579320109&sc_i=shopping-pc-web-list-ranking-crk01_01-rvw&sort=-latest&page=1,2026/04/26,4,,梱包丁寧です,配送は特に問題ありませんでした。指定日に届きました。無料でギフト包装は いいサービスと思います。 まだ実際に取り付けていないので 使用感想は まだですが 期待は大きいですね。 爆買デーに購入し 10%割引はありがたいです。
2026/04/28,Yahoo,シャワー,ReFa FINE BUBBLE U+,https://shopping.yahoo.co.jp/review/item/list?store_id=mtgec&page_key=1579320109&sc_i=shopping-pc-web-list-ranking-crk01_01-rvw&sort=-latest&page=1,2026/04/27,5,,大満足!,彼女に誕生日プレゼントとして購入しました。大満足してもらってます!
2026/04/28,Yahoo,シャワー,ReFa FINE BUBBLE U+,https://shopping.yahoo.co.jp/review/item/list?store_id=mtgec&page_key=1579320109&sc_i=shopping-pc-web-list-ranking-crk01_01-rvw&sort=-latest&page=1,2026/04/27,5,,息子の引越し祝いで買いました。かなり細...,息子の引越し祝いで買いました。 かなり細かいシャワーや霧が出るようで気に入っている様子です。値段がまだ高いのでもう少し下がると良いなと思います。
2026/05/01,Yahoo,シャワー,ReFa FINE BUBBLE U+,https://shopping.yahoo.co.jp/review/item/list?store_id=mtgec&page_key=1579320109&sc_i=shopping-pc-web-list-ranking-crk01_01-rvw&sort=-latest&page=1,2026/04/30,2,,私個人としては可もなく不可もなくと思っ...,私個人としては可もなく不可もなくと思っていますが、重さや水圧の低さが家族に大不評でした。。。なかなか高価な買い物だったのに、残念です。
2026/05/02,Yahoo,シャワー,ReFa FINE BUBBLE U+,https://shopping.yahoo.co.jp/review/item/list?store_id=mtgec&page_key=1579320109&sc_i=shopping-pc-web-list-ranking-crk01_01-rvw&sort=-latest&page=1,2026/05/01,5,,投資する価値は間違いなくある,数千円のヘッドに比べれば確かに高価です。でも、毎日浴びるシャワーで「肌が整う」「髪が変わる」「疲れが癒える」というリターンを考えれば、これほどコスパの良い美容投資はありません。 「もっと早く替えておけばよかった」。そう確信させてくれる、まさに最高峰のシャワーヘッドです。
2026/05/01,Yahoo,シャワー,ReFa FINE BUBBLE U+,https://shopping.yahoo.co.jp/review/item/list?store_id=mtgec&page_key=1579320109&sc_i=shopping-pc-web-list-ranking-crk01_01-rvw&sort=-latest&page=1,2026/05/01,4,,発送と梱包も丁寧で良かったです。但し、...,発送と梱包も丁寧で良かったです。 但し、購入検討中の方は自宅の水圧に注意した方が良い商品です。
2026/05/04,Yahoo,シャワー,ReFa FINE BUBBLE U+,https://shopping.yahoo.co.jp/review/item/list?store_id=mtgec&page_key=1579320109&sc_i=shopping-pc-web-list-ranking-crk01_01-rvw&sort=-latest&page=1,2026/05/03,5,,どうしても欲しくてポイント還元とお値下...,どうしても欲しくてポイント還元とお値下げに購入。途中で止められるタイプを購入。髪を洗い流す時に、私が持つ部分にボタンがあり、押してしまい、止まります。慣れるまでかかりました。あと部品出てる所に髪が引っかかる。私だけだと思います。水の浸透や汚れは落ちてる気がします。お風呂にも使ってますし、掃除の時も、いつもより汚れ落ちが良い気がします。
2026/05/04,Yahoo,シャワー,ReFa FINE BUBBLE U+,https://shopping.yahoo.co.jp/review/item/list?store_id=mtgec&page_key=1579320109&sc_i=shopping-pc-web-list-ranking-crk01_01-rvw&sort=-latest&page=1,2026/05/03,5,,プレゼント,孫が試験頑張っているのでプレゼントに購入しました。 友達も使ってるので欲しかったみたいです。 凄く喜んでくれました。
2026/05/04,Yahoo,シャワー,ReFa FINE BUBBLE U+,https://shopping.yahoo.co.jp/review/item/list?store_id=mtgec&page_key=1579320109&sc_i=shopping-pc-web-list-ranking-crk01_01-rvw&sort=-latest&page=1,2026/05/03,5,,家族がとても楽しく嬉しく使っています男...,家族がとても楽しく 嬉しく使っています 男にはあまり関係ないですが女性にはとてもいいようです
2026/05/05,Yahoo,シャワー,ReFa FINE BUBBLE U+,https://shopping.yahoo.co.jp/review/item/list?store_id=mtgec&page_key=1579320109&sc_i=shopping-pc-web-list-ranking-crk01_01-rvw&sort=-latest&page=1,2026/05/04,3,,もう少し水圧が強ければ•••,気に入った点 ミストモードの洗浄力は良い。 気に入らなかった点 水圧が弱い。
2026/05/05,Yahoo,シャワー,ReFa FINE BUBBLE U+,https://shopping.yahoo.co.jp/review/item/list?store_id=mtgec&page_key=1579320109&sc_i=shopping-pc-web-list-ranking-crk01_01-rvw&sort=-latest&page=1,2026/05/04,5,,大きいですが、バランスが良い,ヘッド部分は大きいですが、バランスが良く重さも程々で、使用して重いとはあまり感じませんでした 水流も4種類あり、色々と切り替えて使用していますが、勢いはそれ程強くはありません
2026/05/07,Yahoo,シャワー,ReFa FINE BUBBLE U+,https://shopping.yahoo.co.jp/review/item/list?store_id=mtgec&page_key=1579320109&sc_i=shopping-pc-web-list-ranking-crk01_01-rvw&sort=-latest&page=1,2026/05/06,5,,毎日のシャワーが楽しみになりました,思ったよりすぐに到着しました。 以前宿泊先のホテルで使用してミストにとても感動しました! 色はホワイトにしました。 かわいい色味でとても気に入っています。 とても立派な容器に入っていて開ける時もテンション上がります〜
2026/05/08,Yahoo,シャワー,ReFa FINE BUBBLE U+,https://shopping.yahoo.co.jp/review/item/list?store_id=mtgec&page_key=1579320109&sc_i=shopping-pc-web-list-ranking-crk01_01-rvw&sort=-latest&page=1,2026/05/07,5,,バスタイムが贅沢な時間に変わりました!,ずっと気になっていたリファのシャワーヘッド。思い切って購入して大正解でした。ミストモードは肌あたりが非常に柔らかく、洗顔時に使うととても気持ちいいです。止水機能があるおかげで節水も意識しやすく、デザインに高級感があるので浴室の雰囲気も一気に上がりました。毎日のシャワーが楽しみです。
2026/05/08,Yahoo,シャワー,ReFa FINE BUBBLE U+,https://shopping.yahoo.co.jp/review/item/list?store_id=mtgec&page_key=1579320109&sc_i=shopping-pc-web-list-ranking-crk01_01-rvw&sort=-latest&page=2,2026/05/07,5,,温泉施設で使ってみて良かったので購入し...,温泉施設で使ってみて良かったので購入しました! ミラブルより断然良いです!
2026/05/08,Yahoo,シャワー,ReFa FINE BUBBLE U+,https://shopping.yahoo.co.jp/review/item/list?store_id=mtgec&page_key=1579320109&sc_i=shopping-pc-web-list-ranking-crk01_01-rvw&sort=-latest&page=1,2026/05/08,4,,気持ちいいし話題の製品だけあります。た...,気持ちいいし話題の製品だけあります。ただし効果自体はまだわかりません。
2026/05/10,Yahoo,シャワー,ReFa FINE BUBBLE U+,https://shopping.yahoo.co.jp/review/item/list?store_id=mtgec&page_key=1579320109&sc_i=shopping-pc-web-list-ranking-crk01_01-rvw&sort=-latest&page=1,2026/05/09,5,,マイクロバブルがすごく良いです,以前から気になっていたのですが、今回購入しました。水流が4種類から選択でき、ミストはとても細かく毛穴にしっかり届いてます。ただ少し水温が低く感じます。手元に止水ボタンがあるのが便利です。 良い買い物でした。
2026/05/09,Yahoo,シャワー,ReFa FINE BUBBLE U+,https://shopping.yahoo.co.jp/review/item/list?store_id=mtgec&page_key=1579320109&sc_i=shopping-pc-web-list-ranking-crk01_01-rvw&sort=-latest&page=1,2026/05/09,4,,選べる機能4つ,ホワイト購入。取り付け心配でしたが、説明書通りにすれば簡単に取り付け出来ました。シャワーヘッド本体はやや重ためです。選べる機能4つあり、色々切り替えて使えます。特にお気に入りは、ミストとジェットです、他のシャワーヘッドには無いんじゃない機能では無いかと思います。 とても良いシャワーヘッドだと思います。
2026/05/10,Yahoo,シャワー,ReFa FINE BUBBLE U+,https://shopping.yahoo.co.jp/review/item/list?store_id=mtgec&page_key=1579320109&sc_i=shopping-pc-web-list-ranking-crk01_01-rvw&sort=-latest&page=1,2026/05/10,5,,ずっと気になっていたシャワーヘッドを購...,ずっと気になっていたシャワーヘッドを購入しました。ミストモードが気に入っています。
2026/05/13,Yahoo,シャワー,ReFa FINE BUBBLE U+,https://shopping.yahoo.co.jp/review/item/list?store_id=mtgec&page_key=1579320109&sc_i=shopping-pc-web-list-ranking-crk01_01-rvw&sort=-latest&page=1,2026/05/12,3,,止水付は使いやすいです。最初は感動した...,止水付は使いやすいです。最初は感動したが、慣れました(笑)
2026/05/14,Yahoo,シャワー,ReFa FINE BUBBLE U+,https://shopping.yahoo.co.jp/review/item/list?store_id=mtgec&page_key=1579320109&sc_i=shopping-pc-web-list-ranking-crk01_01-rvw&sort=-latest&page=1,2026/05/13,4,,直ぐに使えない場合もあります。,取り付けが思いのほか大変でした。 アジャスターを別途購入しないといけなくて、直ぐに使えず手こずりました。
2026/05/17,Yahoo,シャワー,ReFa FINE BUBBLE U+,https://shopping.yahoo.co.jp/review/item/list?store_id=mtgec&page_key=1579320109&sc_i=shopping-pc-web-list-ranking-crk01_01-rvw&sort=-latest&page=1,2026/05/16,4,,簡単に交換装着出来ます。ただ、水圧が結...,簡単に交換装着出来ます。 ただ、水圧が結構極端で丁度いいモードが選べません。 節水効果は相当あります。
2026/05/17,Yahoo,シャワー,ReFa FINE BUBBLE U+,https://shopping.yahoo.co.jp/review/item/list?store_id=mtgec&page_key=1579320109&sc_i=shopping-pc-web-list-ranking-crk01_01-rvw&sort=-latest&page=1,2026/05/17,2,,とても高額な為期待していましたが、自分...,とても高額な為期待していましたが、自分には違いがよくわかりませんでした。 手元でON/OFFスィッチが無い為使い勝手が悪いです。
2026/05/17,Yahoo,シャワー,ReFa FINE BUBBLE U+,https://shopping.yahoo.co.jp/review/item/list?store_id=mtgec&page_key=1579320109&sc_i=shopping-pc-web-list-ranking-crk01_01-rvw&sort=-latest&page=1,2026/05/17,5,,商品届きました。取り付けも簡単で問題あ...,商品届きました。取り付けも簡単で問題ありませんでした。水圧も含めて、期待通りの使用感に大変満足しています。
2026/05/17,Yahoo,シャワー,ReFa FINE BUBBLE U+,https://shopping.yahoo.co.jp/review/item/list?store_id=mtgec&page_key=1579320109&sc_i=shopping-pc-web-list-ranking-crk01_01-rvw&sort=-latest&page=1,2026/05/17,5,,早々に届きました。信頼できるショップ様...,早々に届きました。信頼できるショップ様です。 お品ですが、まだ数回しか使っていませんが、いつもと同じシャンプーなのに、 髪のさらさら感が増して、喜んでいます。
2026/05/21,Yahoo,シャワー,ReFa FINE BUBBLE U+,https://shopping.yahoo.co.jp/review/item/list?store_id=mtgec&page_key=1579320109&sc_i=shopping-pc-web-list-ranking-crk01_01-rvw&sort=-latest&page=1,2026/05/21,4,,止水機能待ってました!,リファ好きで今までもリファのシャワーヘッドを使っていましたが壊れたので買い替えです。今回止水機能付きが出たので購入しました。前回使っていた物より少しヘッドが大きくシャワーの水圧が弱い気がします。
2026/05/22,Yahoo,シャワー,ReFa FINE BUBBLE U+,https://shopping.yahoo.co.jp/review/item/list?store_id=mtgec&page_key=1579320109&sc_i=shopping-pc-web-list-ranking-crk01_01-rvw&sort=-latest&page=1,2026/05/22,5,,使い始めて髪がサラサラになりました。髪...,使い始めて髪がサラサラになりました。 髪のうねりがなくなり、朝のスタイリングが楽になりました。
2026/05/23,Yahoo,シャワー,ReFa FINE BUBBLE U+,https://shopping.yahoo.co.jp/review/item/list?store_id=mtgec&page_key=1579320109&sc_i=shopping-pc-web-list-ranking-crk01_01-rvw&sort=-latest&page=1,2026/05/23,5,,心地よいシャワー,今回で2台目のリファです。 ミストを使用で、お風呂上がりのしっとり感がとても心地よくたまりません。 肌を優しく包み込んでくれる感じが大好きです。 シャワーの水圧も申し分ありません!
2026/05/25,Yahoo,シャワー,ReFa FINE BUBBLE U+,https://shopping.yahoo.co.jp/review/item/list?store_id=mtgec&page_key=1579320109&sc_i=shopping-pc-web-list-ranking-crk01_01-rvw&sort=-latest&page=1,2026/05/24,5,,無事に届きました。迅速なご対応をいただ...,無事に届きました。迅速なご対応をいただきありがとうございました。
2026/05/25,Yahoo,シャワー,ReFa FINE BUBBLE U+,https://shopping.yahoo.co.jp/review/item/list?store_id=mtgec&page_key=1579320109&sc_i=shopping-pc-web-list-ranking-crk01_01-rvw&sort=-latest&page=1,2026/05/25,4,,良いが重たい,使った次の日に髪質の変化を実感。吐出水量は少なくなっているが、使用時間が延びているので、節水の実感はない。重たい。。
2026/05/29,Yahoo,シャワー,ReFa FINE BUBBLE U+,https://shopping.yahoo.co.jp/review/item/list?store_id=mtgec&page_key=1579320109&sc_i=shopping-pc-web-list-ranking-crk01_01-rvw&sort=-latest&page=1,2026/05/29,5,,もうこれしか使えません。肌綺麗になりま...,もうこれしか使えません。肌綺麗になります。 なにより、水道代本当に安くなりました
2026/05/31,Yahoo,シャワー,ReFa FINE BUBBLE U+,https://shopping.yahoo.co.jp/review/item/list?store_id=mtgec&page_key=1579320109&sc_i=shopping-pc-web-list-ranking-crk01_01-rvw&sort=-latest&page=1,2026/05/30,5,,ずっと気になって購入したかった商品でし...,ずっと気になって購入したかった商品でした。安く購入できるタイミングで買えたのでよかったです。
2026/06/01,Yahoo,シャワー,ReFa FINE BUBBLE U+,https://shopping.yahoo.co.jp/review/item/list?store_id=mtgec&page_key=1579320109&sc_i=shopping-pc-web-list-ranking-crk01_01-rvw&sort=-latest&page=1,2026/05/31,5,,友人のギフトに大正解!美肌効果に大喜び,お肌や髪のケアにこだわりのある大切な友人へのプレゼントとして、購入しました。私自身は使っていないのですが、贈った友人から使い始めてすぐに「毎日のバスタイムが極上のエステタイムになった!」と大感激の連絡をもらいました。 ​特に洗顔用のミストモードが秀逸なようで、お湯が柔らかく顔を包み込んでくれて、毛穴の汚れがすっきり落ちるのに、お風呂上がりの肌は驚くほどしっとりモチモチになるそうです。髪の指通りもサラサラになり、毎日のドライヤーが楽しみになったと喜んでいました。 ​他にも頭皮をすっきり洗えるジェットなど、その日の気分やパーツに合わせて親指一本で4つの水流モードを簡単に切り替えられる点も女性には嬉しいポイントのようです。 ​ランニングコストがかからずずっと愛用できるコスパの良さや、バスルームが華やかになる上品なデザインもギフトとして完璧でした。ここまで喜んでもらえると、今度は自分用にも欲しくなってしまいます。美意識の高い女性への特別な贈り物として、間違いなく一押しのアイテムです!
2026/06/02,Yahoo,シャワー,ReFa FINE BUBBLE U+,https://shopping.yahoo.co.jp/review/item/list?store_id=mtgec&page_key=1579320109&sc_i=shopping-pc-web-list-ranking-crk01_01-rvw&sort=-latest&page=1,2026/06/02,4,,取り付けも簡単で、ミストはとても心地良...,取り付けも簡単で、ミストはとても心地良かったです。
2026/06/04,Yahoo,シャワー,ReFa FINE BUBBLE U+,https://shopping.yahoo.co.jp/review/item/list?store_id=mtgec&page_key=1579320109&sc_i=shopping-pc-web-list-ranking-crk01_01-rvw&sort=-latest&page=1,2026/06/03,5,,お肌ツルツルになった気がする,ずっと欲しいとは思っていたのですが、本当に良いのか調べて購入しました。 結果満足です。 ちなみにLIXILを1年使用し交換です。 止水なしのタイプだったので、取り付けも10秒でした。 今回も止水なしにしましたが、レビューで止水に頼ると水道の締め忘れがあるかもとあったので、止水なしで良かったからと思います。
2026/06/03,Yahoo,シャワー,ReFa FINE BUBBLE U+,https://shopping.yahoo.co.jp/review/item/list?store_id=mtgec&page_key=1579320109&sc_i=shopping-pc-web-list-ranking-crk01_01-rvw&sort=-latest&page=1,2026/06/03,5,,クチコミ評判通り、非常に良かったです。...,クチコミ評判通り、非常に良かったです。夫婦仲良く使ってます。
2026/06/04,Yahoo,シャワー,ReFa FINE BUBBLE U+,https://shopping.yahoo.co.jp/review/item/list?store_id=mtgec&page_key=1579320109&sc_i=shopping-pc-web-list-ranking-crk01_01-rvw&sort=-latest&page=1,2026/06/03,5,,リピート購入しました,単身赴任で購入して使っててかなり良いので家用に購入しました。帰るのが楽しみです。 ReFaのシャワーヘッドは最高です
2026/06/04,Yahoo,シャワー,ReFa FINE BUBBLE U+,https://shopping.yahoo.co.jp/review/item/list?store_id=mtgec&page_key=1579320109&sc_i=shopping-pc-web-list-ranking-crk01_01-rvw&sort=-latest&page=1,2026/06/03,5,,本日、取付て使用しましたが大変満足して...,本日、取付て使用しましたが大変満足しております。 これから長く使用できるようにおもいます。
2026/06/05,Yahoo,シャワー,ReFa FINE BUBBLE U+,https://shopping.yahoo.co.jp/review/item/list?store_id=mtgec&page_key=1579320109&sc_i=shopping-pc-web-list-ranking-crk01_01-rvw&sort=-latest&page=2,2026/06/04,5,,こんなにも素敵なシャワーありますか!,他社のシャワーヘッドを3年ぐらい愛用しましたが先日シャワーヘッドの根本が折れてしまいました。修理を依頼したら一万円ぐらいと言う事なので修理をするか同じ物を買うか迷いました。以前のシャワーヘッドはとてもシャワーの使い心地に満足していましたがヘッドが重たいのが難点でしたので思いきってリファを購入しました。ヘッドも軽くシャワーの切り替えがレバーなのでとても使いやすいです。水栓切り替えもボタンも軽くノンストレスで使用できます。シャワーも柔らかくミストも肌に馴染みやすくとても気に入り大満足です。以前のシャワーより心持ち水圧が弱く感じますがリファのシャワーホースも購入すると水圧があがると聞きましたのでホースも買いました。ホースの色やデザインもいいのでホースが来るのが楽しみです。もちろんのことシャワーヘッドのデザインがかわいいくて綺麗でとてもお気に入っています
2026/06/05,Yahoo,シャワー,ReFa FINE BUBBLE U+,https://shopping.yahoo.co.jp/review/item/list?store_id=mtgec&page_key=1579320109&sc_i=shopping-pc-web-list-ranking-crk01_01-rvw&sort=-latest&page=1,2026/06/04,5,,とても気にいって使ってます。冬場だとミ...,とても気にいって使ってます。 冬場だとミストが少し冷たいけど、夏は気持ちいい!止水付きが使いやすく便利! プレゼントにいいと思う!
2026/06/05,Yahoo,シャワー,ReFa FINE BUBBLE U+,https://shopping.yahoo.co.jp/review/item/list?store_id=mtgec&page_key=1579320109&sc_i=shopping-pc-web-list-ranking-crk01_01-rvw&sort=-latest&page=1,2026/06/04,4,,以前はテレビCM等でよく見かけるシャワ...,以前はテレビCM等でよく見かけるシャワーヘッドを使っていました。シャワーヘッドの重さが少しでも軽いリファに買い換えました。シャワーの勢いはもっと欲しいところです。ミストは広がりすぎるので、体にすごく近づけて使用しないと当てたいところに当たらないし、温度が冷たく感じます。
2026/06/05,Yahoo,シャワー,ReFa FINE BUBBLE U+,https://shopping.yahoo.co.jp/review/item/list?store_id=mtgec&page_key=1579320109&sc_i=shopping-pc-web-list-ranking-crk01_01-rvw&sort=-latest&page=1,2026/06/04,5,,家内の誕生日プレゼント用に購入し、とて...,家内の誕生日プレゼント用に購入し、とても喜んでもらえました!いろんな水圧を楽しんでるみたいでよかったです。
2026/06/04,Yahoo,シャワー,ReFa FINE BUBBLE U+,https://shopping.yahoo.co.jp/review/item/list?store_id=mtgec&page_key=1579320109&sc_i=shopping-pc-web-list-ranking-crk01_01-rvw&sort=-latest&page=1,2026/06/04,5,,高額な商品で迷いました。使ってみて期待...,高額な商品で迷いました。使ってみて期待以上です。
2026/06/05,Yahoo,シャワー,ReFa FINE BUBBLE U+,https://shopping.yahoo.co.jp/review/item/list?store_id=mtgec&page_key=1579320109&sc_i=shopping-pc-web-list-ranking-crk01_01-rvw&sort=-latest&page=1,2026/06/05,5,,お気に入り,止水機能がとっても便利 ヘッドが大きめなので重いのかな?と思っていましたが、全然そんな事は無くとても使いやすいです。 いろんなモードに変えて使うのが楽しくて、毎日のお風呂が楽しみになりました。
2026/06/07,Yahoo,シャワー,ReFa FINE BUBBLE U+,https://shopping.yahoo.co.jp/review/item/list?store_id=mtgec&page_key=1579320109&sc_i=shopping-pc-web-list-ranking-crk01_01-rvw&sort=-latest&page=1,2026/06/06,5,,ミストがホントに気持ちいいです。ミスト...,ミストがホントに気持ちいいです。ミストにすると お湯が冷たく感じるっていうのを見たことがありますが 私的には全然気にならないです。 去年から買うのを迷っていたので もっと早く買えば良かった!って思いました。 ミスト以外の3種類の水圧も使い心地も とってもいいです。
2026/06/06,Yahoo,シャワー,ReFa FINE BUBBLE U+,https://shopping.yahoo.co.jp/review/item/list?store_id=mtgec&page_key=1579320109&sc_i=shopping-pc-web-list-ranking-crk01_01-rvw&sort=-latest&page=1,2026/06/06,5,,水圧など満足です。ただ、ウチは元々水栓...,水圧など満足です。ただ、ウチは元々水栓の方で止める癖付いてるので、少し値段高い止水タイプじゃなくても良かったかと思いました。 性能的には満足です。水圧高いので掃除などもしやすくて良い買い物でした。
2026/06/08,Yahoo,シャワー,ReFa FINE BUBBLE U+,https://shopping.yahoo.co.jp/review/item/list?store_id=mtgec&page_key=1579320109&sc_i=shopping-pc-web-list-ranking-crk01_01-rvw&sort=-latest&page=1,2026/06/07,5,,まだ5日しか使ってないのに髪、顔、が良...,まだ5日しか使ってないのに髪、顔、が良くなって来てます😊
2026/06/08,Yahoo,シャワー,ReFa FINE BUBBLE U+,https://shopping.yahoo.co.jp/review/item/list?store_id=mtgec&page_key=1579320109&sc_i=shopping-pc-web-list-ranking-crk01_01-rvw&sort=-latest&page=1,2026/06/07,4,,ストレートの水圧は大分弱くなってしまい...,ストレートの水圧は大分弱くなってしまいました。 ミストは均一でとても良いです。水温はやや低くなります。
2026/06/08,Yahoo,シャワー,ReFa FINE BUBBLE U+,https://shopping.yahoo.co.jp/review/item/list?store_id=mtgec&page_key=1579320109&sc_i=shopping-pc-web-list-ranking-crk01_01-rvw&sort=-latest&page=1,2026/06/07,5,,極上のホームエステ,毎日のシャワーが極上のホームエステに変わる、圧倒的な浴び心地と実用性を兼ね備えた天才シャワーヘッド!
2026/06/08,Yahoo,シャワー,ReFa FINE BUBBLE U+,https://shopping.yahoo.co.jp/review/item/list?store_id=mtgec&page_key=1579320109&sc_i=shopping-pc-web-list-ranking-crk01_01-rvw&sort=-latest&page=1,2026/06/07,3,,水圧が,思ってたより水圧が弱く少し残念でした。 でも、ミストは肌がツルツルになりました
2026/06/08,Yahoo,シャワー,ReFa FINE BUBBLE U+,https://shopping.yahoo.co.jp/review/item/list?store_id=mtgec&page_key=1579320109&sc_i=shopping-pc-web-list-ranking-crk01_01-rvw&sort=-latest&page=1,2026/06/07,5,,肌がしっとりして驚きました,旅行先のホテルなどで使ったことがあり、購入しました。今までクレンジングをしてもファンデーションがタオルに残ったり、スッキリしなかったのですが、このシャワーヘッドに替えてからは、タオルも汚れなくなったことと、驚いたのは今まで化粧品を変えても、肌が変わるとかを実感したことがないのですが、このシャワーヘッドに変えてから、明らかに肌がしっとりしています。 もっと早く変えれば良かったです。
2026/06/08,Yahoo,シャワー,ReFa FINE BUBBLE U+,https://shopping.yahoo.co.jp/review/item/list?store_id=mtgec&page_key=1579320109&sc_i=shopping-pc-web-list-ranking-crk01_01-rvw&sort=-latest&page=1,2026/06/08,5,,スムーズに商品を受け取ることができまし...,スムーズに商品を受け取ることができました。早速取り付けも簡単でしたし高級感な感じで使い勝手も良いです。効果は分かりませんが楽しみです。
2026/06/08,Yahoo,シャワー,ReFa FINE BUBBLE U+,https://shopping.yahoo.co.jp/review/item/list?store_id=mtgec&page_key=1579320109&sc_i=shopping-pc-web-list-ranking-crk01_01-rvw&sort=-latest&page=1,2026/06/08,4,,信頼性はあります。,今まで、使用していたのが壊れたので止水栓タイプではなく普通のタイプを購入しました。水力は、今まで使用していたのと変わりませんでした。ミストは、気持ちいいですが少し顔から離すと40°Cのお湯だと冷たく感じます。4段階切り替えがあるので、自分にあった使い方をすれば良いと思います。後は、長く使える事を願っております。
2026/06/08,Yahoo,シャワー,ReFa FINE BUBBLE U+,https://shopping.yahoo.co.jp/review/item/list?store_id=mtgec&page_key=1579320109&sc_i=shopping-pc-web-list-ranking-crk01_01-rvw&sort=-latest&page=1,2026/06/08,5,,商品は頼んでから2日後に到着しました。...,商品は頼んでから2日後に到着しました。梱包状況も良好でした。 シャワーは水圧などちょうどいいと思います 節水になってくれたら嬉しいです
2026/06/10,Yahoo,シャワー,ReFa FINE BUBBLE U+,https://shopping.yahoo.co.jp/review/item/list?store_id=mtgec&page_key=1579320109&sc_i=shopping-pc-web-list-ranking-crk01_01-rvw&sort=-latest&page=1,2026/06/09,5,,これを使ってから顔の肌の状態も違いが分...,これを使ってから顔の肌の状態も違いが分かるくらいよくなり、シャンプーを使わない湯シャンでも十分に頭皮の汚れが取れる
2026/06/09,Yahoo,シャワー,ReFa FINE BUBBLE U+,https://shopping.yahoo.co.jp/review/item/list?store_id=mtgec&page_key=1579320109&sc_i=shopping-pc-web-list-ranking-crk01_01-rvw&sort=-latest&page=1,2026/06/09,5,,シャワーが楽しい,商品の到着はとても早かったです。シャワーヘッドにストップするボタンがあるのはいいです。途中で止めたい時に簡単です。これはお勧めします。水の勢いは細かくて柔らかくて気持ちいいです。購入して良かったです。
2026/06/10,Yahoo,シャワー,ReFa FINE BUBBLE U+,https://shopping.yahoo.co.jp/review/item/list?store_id=mtgec&page_key=1579320109&sc_i=shopping-pc-web-list-ranking-crk01_01-rvw&sort=-latest&page=1,2026/06/09,5,,肌がしっとりします,温泉宿で使って見て、ミストが気持ち良かったので購入しました。シャワーヘッドとしては高いけど、ウルトラファインバブルは気持ち良いだけではなく色々な効果があるようですし、毎日使う物なので費用対効果を考えたらコスパが良いと思います。
2026/06/10,Yahoo,シャワー,ReFa FINE BUBBLE U+,https://shopping.yahoo.co.jp/review/item/list?store_id=mtgec&page_key=1579320109&sc_i=shopping-pc-web-list-ranking-crk01_01-rvw&sort=-latest&page=1,2026/06/10,5,,ミストが凄すぎる!,手元で水を止めれるプラスとかなり迷いましたが、普通のタイプにしました。 ミストがかなり気持ちが良いです! まるでスパにいるみたいです。 主人は『肌の調子が良くてミストを浴びるとハリがでる感じがする』と喜んでいて、シャワーの時間が少し長くなりました(笑) ミスト以外も気持ちが良くて、肌の汚れ、毛穴の汚れ、頭皮ケアにも良さそうで購入してみて良かったです。 今使っているホースにそのまま付けれるか?心配で念のため電話やメールで問い合わせをしたら、とても丁寧に教えてくださいました。 結果そのままホースに付けることができて簡単でした。 安心して購入できました。 またリピートしたいと思います。
2026/06/10,Yahoo,シャワー,ReFa FINE BUBBLE U+,https://shopping.yahoo.co.jp/review/item/list?store_id=mtgec&page_key=1579320109&sc_i=shopping-pc-web-list-ranking-crk01_01-rvw&sort=-latest&page=1,2026/06/10,5,,モードが細かく切り替えられてよかった,なかなかよかった!! 値段的にもまだいいとおもう! いろんな設定にできて、 使い分けている シャワータイムが楽しくなった!
2026/06/10,Yahoo,シャワー,ReFa FINE BUBBLE U+,https://shopping.yahoo.co.jp/review/item/list?store_id=mtgec&page_key=1579320109&sc_i=shopping-pc-web-list-ranking-crk01_01-rvw&sort=-latest&page=1,2026/06/10,5,,止水タイプ,止水機能が付いているタイプにしました。やはり、とても便利で、このタイプにして良かったと思っています。
2026/06/10,Yahoo,シャワー,ReFa FINE BUBBLE U+,https://shopping.yahoo.co.jp/review/item/list?store_id=mtgec&page_key=1579320109&sc_i=shopping-pc-web-list-ranking-crk01_01-rvw&sort=-latest&page=1,2026/06/10,5,,言わずと知れたリファですが、ミストは特...,言わずと知れたリファですが、ミストは特にいいですね。冬場は冷たいままで使うのが大変ですが、シャワー後のすっきり感はたまりません。
2026/06/11,Yahoo,シャワー,ReFa FINE BUBBLE U+,https://shopping.yahoo.co.jp/review/item/list?store_id=mtgec&page_key=1579320109&sc_i=shopping-pc-web-list-ranking-crk01_01-rvw&sort=-latest&page=1,2026/06/11,5,,嫁さんの誕生日プレゼントで買いました。...,嫁さんの誕生日プレゼントで買いました。ミストが非常にお気に入りのようです。大変喜んでいます。ありがとうございます。
2026/06/14,Yahoo,シャワー,ReFa FINE BUBBLE U+,https://shopping.yahoo.co.jp/review/item/list?store_id=mtgec&page_key=1579320109&sc_i=shopping-pc-web-list-ranking-crk01_01-rvw&sort=-latest&page=1,2026/06/13,5,,良いです,お高いですが水のレパートリーが多くて良いです。 汚れの落ちが良いかは分かりません
